[
  {
    "lawd_cd": "11470",
    "deal_ymd": "202301",
    "total_count": 0,
    "items": []
  },
  {
    "lawd_cd": "11470",
    "deal_ymd": "202302",
    "total_count": 12,
    "items": [
      {
        "sggCd": "11470",
        "sggNm": "양천구",
        "umdNm": "신월동",
        "jimok": "도로",
        "jibun": "2**",
        "dealAmount": "1,495",
        "dealArea": "5",
        "dealingGbn": "직거래",
        "landUse": "제2종일반주거지역",
        "shareDealingType": "지분",
        "cdealType": null,
        "cdealDay": null,
        "estateAgentSggNm": null,
        "dealYear": "2023",
        "dealMonth": "2",
        "dealDay": "20"
      },
      {
        "sggCd": "11470",
        "sggNm": "양천구",
        "umdNm": "신월동",
        "jimok": "도로",
        "jibun": "2**",
        "dealAmount": "1,196",
        "dealArea": "4",
        "dealingGbn": "직거래",
        "landUse": "제2종일반주거지역",
        "shareDealingType": "지분",
        "cdealType": null,
        "cdealDay": null,
        "estateAgentSggNm": null,
        "dealYear": "2023",
        "dealMonth": "2",
        "dealDay": "17"
      },
      {
        "sggCd": "11470",
        "sggNm": "양천구",
        "umdNm": "신월동",
        "jimok": "도로",
        "jibun": "2**",
        "dealAmount": "1,794",
        "dealArea": "6",
        "dealingGbn": "직거래",
        "landUse": "제2종일반주거지역",
        "shareDealingType": "지분",
        "cdealType": null,
        "cdealDay": null,
        "estateAgentSggNm": null,
        "dealYear": "2023",
        "dealMonth": "2",
        "dealDay": "17"
      },
      {
        "sggCd": "11470",
        "sggNm": "양천구",
        "umdNm": "신월동",
        "jimok": "도로",
        "jibun": "2**",
        "dealAmount": "1,495",
        "dealArea": "5",
        "dealingGbn": "직거래",
        "landUse": "제2종일반주거지역",
        "shareDealingType": "지분",
        "cdealType": null,
        "cdealDay": null,
        "estateAgentSggNm": null,
        "dealYear": "2023",
        "dealMonth": "2",
        "dealDay": "14"
      },
      {
        "sggCd": "11470",
        "sggNm": "양천구",
        "umdNm": "신월동",
        "jimok": "도로",
        "jibun": "2**",
        "dealAmount": "1,495",
        "dealArea": "5",
        "dealingGbn": "직거래",
        "landUse": "제2종일반주거지역",
        "shareDealingType": "지분",
        "cdealType": null,
        "cdealDay": null,
        "estateAgentSggNm": null,
        "dealYear": "2023",
        "dealMonth": "2",
        "dealDay": "16"
      },
      {
        "sggCd": "11470",
        "sggNm": "양천구",
        "umdNm": "신월동",
        "jimok": "도로",
        "jibun": "2**",
        "dealAmount": "1,495",
        "dealArea": "5",
        "dealingGbn": "직거래",
        "landUse": "제2종일반주거지역",
        "shareDealingType": "지분",
        "cdealType": null,
        "cdealDay": null,
        "estateAgentSggNm": null,
        "dealYear": "2023",
        "dealMonth": "2",
        "dealDay": "24"
      },
      {
        "sggCd": "11470",
        "sggNm": "양천구",
        "umdNm": "신월동",
        "jimok": "도로",
        "jibun": "2**",
        "dealAmount": "1,495",
        "dealArea": "5",
        "dealingGbn": "직거래",
        "landUse": "제2종일반주거지역",
        "shareDealingType": "지분",
        "cdealType": null,
        "cdealDay": null,
        "estateAgentSggNm": null,
        "dealYear": "2023",
        "dealMonth": "2",
        "dealDay": "16"
      },
      {
        "sggCd": "11470",
        "sggNm": "양천구",
        "umdNm": "신월동",
        "jimok": "도로",
        "jibun": "2**",
        "dealAmount": "1,794",
        "dealArea": "6",
        "dealingGbn": "직거래",
        "landUse": "제2종일반주거지역",
        "shareDealingType": "지분",
        "cdealType": null,
        "cdealDay": null,
        "estateAgentSggNm": null,
        "dealYear": "2023",
        "dealMonth": "2",
        "dealDay": "15"
      },
      {
        "sggCd": "11470",
        "sggNm": "양천구",
        "umdNm": "신월동",
        "jimok": "도로",
        "jibun": "2**",
        "dealAmount": "2,990",
        "dealArea": "10",
        "dealingGbn": "직거래",
        "landUse": "제2종일반주거지역",
        "shareDealingType": "지분",
        "cdealType": null,
        "cdealDay": null,
        "estateAgentSggNm": null,
        "dealYear": "2023",
        "dealMonth": "2",
        "dealDay": "17"
      },
      {
        "sggCd": "11470",
        "sggNm": "양천구",
        "umdNm": "신월동",
        "jimok": "도로",
        "jibun": "2**",
        "dealAmount": "1,196",
        "dealArea": "4",
        "dealingGbn": "직거래",
        "landUse": "제2종일반주거지역",
        "shareDealingType": "지분",
        "cdealType": null,
        "cdealDay": null,
        "estateAgentSggNm": null,
        "dealYear": "2023",
        "dealMonth": "2",
        "dealDay": "17"
      },
      {
        "sggCd": "11470",
        "sggNm": "양천구",
        "umdNm": "신월동",
        "jimok": "도로",
        "jibun": "2**",
        "dealAmount": "2,990",
        "dealArea": "10",
        "dealingGbn": "직거래",
        "landUse": "제2종일반주거지역",
        "shareDealingType": "지분",
        "cdealType": null,
        "cdealDay": null,
        "estateAgentSggNm": null,
        "dealYear": "2023",
        "dealMonth": "2",
        "dealDay": "14"
      },
      {
        "sggCd": "11470",
        "sggNm": "양천구",
        "umdNm": "신월동",
        "jimok": "도로",
        "jibun": "2**",
        "dealAmount": "10,962",
        "dealArea": "121.8",
        "dealingGbn": "중개거래",
        "landUse": "제2종일반주거지역",
        "shareDealingType": null,
        "cdealType": null,
        "cdealDay": null,
        "estateAgentSggNm": "서울 동작구",
        "dealYear": "2023",
        "dealMonth": "2",
        "dealDay": "8"
      }
    ]
  },
  {
    "lawd_cd": "11470",
    "deal_ymd": "202303",
    "total_count": 8,
    "items": [
      {
        "sggCd": "11470",
        "sggNm": "양천구",
        "umdNm": "신월동",
        "jimok": "도로",
        "jibun": "2**",
        "dealAmount": "3,289",
        "dealArea": "11",
        "dealingGbn": "직거래",
        "landUse": "제2종일반주거지역",
        "shareDealingType": "지분",
        "cdealType": null,
        "cdealDay": null,
        "estateAgentSggNm": null,
        "dealYear": "2023",
        "dealMonth": "3",
        "dealDay": "30"
      },
      {
        "sggCd": "11470",
        "sggNm": "양천구",
        "umdNm": "신월동",
        "jimok": "도로",
        "jibun": "2**",
        "dealAmount": "1,196",
        "dealArea": "4",
        "dealingGbn": "직거래",
        "landUse": "제2종일반주거지역",
        "shareDealingType": "지분",
        "cdealType": null,
        "cdealDay": null,
        "estateAgentSggNm": null,
        "dealYear": "2023",
        "dealMonth": "3",
        "dealDay": "31"
      },
      {
        "sggCd": "11470",
        "sggNm": "양천구",
        "umdNm": "신월동",
        "jimok": "도로",
        "jibun": "2**",
        "dealAmount": "1,196",
        "dealArea": "4",
        "dealingGbn": "직거래",
        "landUse": "제2종일반주거지역",
        "shareDealingType": "지분",
        "cdealType": null,
        "cdealDay": null,
        "estateAgentSggNm": null,
        "dealYear": "2023",
        "dealMonth": "3",
        "dealDay": "29"
      },
      {
        "sggCd": "11470",
        "sggNm": "양천구",
        "umdNm": "신월동",
        "jimok": "도로",
        "jibun": "2**",
        "dealAmount": "1,196",
        "dealArea": "4",
        "dealingGbn": "직거래",
        "landUse": "제2종일반주거지역",
        "shareDealingType": "지분",
        "cdealType": null,
        "cdealDay": null,
        "estateAgentSggNm": null,
        "dealYear": "2023",
        "dealMonth": "3",
        "dealDay": "9"
      },
      {
        "sggCd": "11470",
        "sggNm": "양천구",
        "umdNm": "신월동",
        "jimok": "도로",
        "jibun": "2**",
        "dealAmount": "1,196",
        "dealArea": "4",
        "dealingGbn": "직거래",
        "landUse": "제2종일반주거지역",
        "shareDealingType": "지분",
        "cdealType": null,
        "cdealDay": null,
        "estateAgentSggNm": null,
        "dealYear": "2023",
        "dealMonth": "3",
        "dealDay": "3"
      },
      {
        "sggCd": "11470",
        "sggNm": "양천구",
        "umdNm": "신월동",
        "jimok": "도로",
        "jibun": "2**",
        "dealAmount": "419",
        "dealArea": "1.4",
        "dealingGbn": "직거래",
        "landUse": "제2종일반주거지역",
        "shareDealingType": "지분",
        "cdealType": null,
        "cdealDay": null,
        "estateAgentSggNm": null,
        "dealYear": "2023",
        "dealMonth": "3",
        "dealDay": "9"
      },
      {
        "sggCd": "11470",
        "sggNm": "양천구",
        "umdNm": "신월동",
        "jimok": "도로",
        "jibun": "2**",
        "dealAmount": "1,196",
        "dealArea": "4",
        "dealingGbn": "직거래",
        "landUse": "제2종일반주거지역",
        "shareDealingType": "지분",
        "cdealType": null,
        "cdealDay": null,
        "estateAgentSggNm": null,
        "dealYear": "2023",
        "dealMonth": "3",
        "dealDay": "17"
      },
      {
        "sggCd": "11470",
        "sggNm": "양천구",
        "umdNm": "신월동",
        "jimok": "도로",
        "jibun": "2**",
        "dealAmount": "3,229",
        "dealArea": "10.8",
        "dealingGbn": "직거래",
        "landUse": "제2종일반주거지역",
        "shareDealingType": "지분",
        "cdealType": null,
        "cdealDay": null,
        "estateAgentSggNm": null,
        "dealYear": "2023",
        "dealMonth": "3",
        "dealDay": "7"
      }
    ]
  },
  {
    "lawd_cd": "11470",
    "deal_ymd": "202304",
    "total_count": 0,
    "items": []
  },
  {
    "lawd_cd": "11470",
    "deal_ymd": "202305",
    "total_count": 12,
    "items": [
      {
        "sggCd": "11470",
        "sggNm": "양천구",
        "umdNm": "신정동",
        "jimok": "대",
        "jibun": "8**",
        "dealAmount": "4,783",
        "dealArea": "11.85",
        "dealingGbn": "직거래",
        "landUse": "제2종일반주거지역",
        "shareDealingType": "지분",
        "cdealType": null,
        "cdealDay": null,
        "estateAgentSggNm": null,
        "dealYear": "2023",
        "dealMonth": "5",
        "dealDay": "11"
      },
      {
        "sggCd": "11470",
        "sggNm": "양천구",
        "umdNm": "신정동",
        "jimok": "대",
        "jibun": "8**",
        "dealAmount": "4,783",
        "dealArea": "11.85",
        "dealingGbn": "직거래",
        "landUse": "제2종일반주거지역",
        "shareDealingType": "지분",
        "cdealType": null,
        "cdealDay": null,
        "estateAgentSggNm": null,
        "dealYear": "2023",
        "dealMonth": "5",
        "dealDay": "11"
      },
      {
        "sggCd": "11470",
        "sggNm": "양천구",
        "umdNm": "신정동",
        "jimok": "대",
        "jibun": "8**",
        "dealAmount": "4,783",
        "dealArea": "11.85",
        "dealingGbn": "직거래",
        "landUse": "제2종일반주거지역",
        "shareDealingType": "지분",
        "cdealType": null,
        "cdealDay": null,
        "estateAgentSggNm": null,
        "dealYear": "2023",
        "dealMonth": "5",
        "dealDay": "11"
      },
      {
        "sggCd": "11470",
        "sggNm": "양천구",
        "umdNm": "신정동",
        "jimok": "대",
        "jibun": "8**",
        "dealAmount": "4,783",
        "dealArea": "11.85",
        "dealingGbn": "직거래",
        "landUse": "제2종일반주거지역",
        "shareDealingType": "지분",
        "cdealType": null,
        "cdealDay": null,
        "estateAgentSggNm": null,
        "dealYear": "2023",
        "dealMonth": "5",
        "dealDay": "11"
      },
      {
        "sggCd": "11470",
        "sggNm": "양천구",
        "umdNm": "신정동",
        "jimok": "대",
        "jibun": "8**",
        "dealAmount": "19,130",
        "dealArea": "47.4",
        "dealingGbn": "직거래",
        "landUse": "제2종일반주거지역",
        "shareDealingType": "지분",
        "cdealType": "O",
        "cdealDay": "23.08.04",
        "estateAgentSggNm": null,
        "dealYear": "2023",
        "dealMonth": "5",
        "dealDay": "11"
      },
      {
        "sggCd": "11470",
        "sggNm": "양천구",
        "umdNm": "신월동",
        "jimok": "도로",
        "jibun": "2**",
        "dealAmount": "1,794",
        "dealArea": "6",
        "dealingGbn": "직거래",
        "landUse": "제2종일반주거지역",
        "shareDealingType": "지분",
        "cdealType": null,
        "cdealDay": null,
        "estateAgentSggNm": null,
        "dealYear": "2023",
        "dealMonth": "5",
        "dealDay": "25"
      },
      {
        "sggCd": "11470",
        "sggNm": "양천구",
        "umdNm": "신월동",
        "jimok": "도로",
        "jibun": "2**",
        "dealAmount": "3,468",
        "dealArea": "11.6",
        "dealingGbn": "직거래",
        "landUse": "제2종일반주거지역",
        "shareDealingType": "지분",
        "cdealType": null,
        "cdealDay": null,
        "estateAgentSggNm": null,
        "dealYear": "2023",
        "dealMonth": "5",
        "dealDay": "25"
      },
      {
        "sggCd": "11470",
        "sggNm": "양천구",
        "umdNm": "신정동",
        "jimok": "대",
        "jibun": "8**",
        "dealAmount": "4,783",
        "dealArea": "11.85",
        "dealingGbn": "직거래",
        "landUse": "제2종일반주거지역",
        "shareDealingType": "지분",
        "cdealType": "O",
        "cdealDay": "23.07.12",
        "estateAgentSggNm": null,
        "dealYear": "2023",
        "dealMonth": "5",
        "dealDay": "11"
      },
      {
        "sggCd": "11470",
        "sggNm": "양천구",
        "umdNm": "신정동",
        "jimok": "대",
        "jibun": "8**",
        "dealAmount": "4,783",
        "dealArea": "11.85",
        "dealingGbn": "직거래",
        "landUse": "제2종일반주거지역",
        "shareDealingType": "지분",
        "cdealType": "O",
        "cdealDay": "23.07.12",
        "estateAgentSggNm": null,
        "dealYear": "2023",
        "dealMonth": "5",
        "dealDay": "11"
      },
      {
        "sggCd": "11470",
        "sggNm": "양천구",
        "umdNm": "신정동",
        "jimok": "대",
        "jibun": "8**",
        "dealAmount": "4,783",
        "dealArea": "11.85",
        "dealingGbn": "직거래",
        "landUse": "제2종일반주거지역",
        "shareDealingType": "지분",
        "cdealType": "O",
        "cdealDay": "23.07.12",
        "estateAgentSggNm": null,
        "dealYear": "2023",
        "dealMonth": "5",
        "dealDay": "11"
      },
      {
        "sggCd": "11470",
        "sggNm": "양천구",
        "umdNm": "신정동",
        "jimok": "대",
        "jibun": "8**",
        "dealAmount": "4,783",
        "dealArea": "11.85",
        "dealingGbn": "직거래",
        "landUse": "제2종일반주거지역",
        "shareDealingType": "지분",
        "cdealType": "O",
        "cdealDay": "23.07.12",
        "estateAgentSggNm": null,
        "dealYear": "2023",
        "dealMonth": "5",
        "dealDay": "11"
      },
      {
        "sggCd": "11470",
        "sggNm": "양천구",
        "umdNm": "목동",
        "jimok": "임야",
        "jibun": "3**",
        "dealAmount": "500,000",
        "dealArea": "632",
        "dealingGbn": "중개거래",
        "landUse": "제2종일반주거지역",
        "shareDealingType": null,
        "cdealType": null,
        "cdealDay": null,
        "estateAgentSggNm": "서울 양천구",
        "dealYear": "2023",
        "dealMonth": "5",
        "dealDay": "4"
      }
    ]
  },
  {
    "lawd_cd": "11470",
    "deal_ymd": "202306",
    "total_count": 0,
    "items": []
  },
  {
    "lawd_cd": "11470",
    "deal_ymd": "202307",
    "total_count": 0,
    "items": []
  },
  {
    "lawd_cd": "11470",
    "deal_ymd": "202308",
    "total_count": 3,
    "items": [
      {
        "sggCd": "11470",
        "sggNm": "양천구",
        "umdNm": "신정동",
        "jimok": "대",
        "jibun": "8**",
        "dealAmount": "13,400",
        "dealArea": "33.2",
        "dealingGbn": "직거래",
        "landUse": "제2종일반주거지역",
        "shareDealingType": "지분",
        "cdealType": null,
        "cdealDay": null,
        "estateAgentSggNm": null,
        "dealYear": "2023",
        "dealMonth": "8",
        "dealDay": "28"
      },
      {
        "sggCd": "11470",
        "sggNm": "양천구",
        "umdNm": "신정동",
        "jimok": "대",
        "jibun": "7**",
        "dealAmount": "11,573",
        "dealArea": "14",
        "dealingGbn": "직거래",
        "landUse": "제3종일반주거지역",
        "shareDealingType": null,
        "cdealType": null,
        "cdealDay": null,
        "estateAgentSggNm": null,
        "dealYear": "2023",
        "dealMonth": "8",
        "dealDay": "1"
      },
      {
        "sggCd": "11470",
        "sggNm": "양천구",
        "umdNm": "신정동",
        "jimok": "대",
        "jibun": "8**",
        "dealAmount": "8,518",
        "dealArea": "21",
        "dealingGbn": "직거래",
        "landUse": "제3종일반주거지역",
        "shareDealingType": null,
        "cdealType": null,
        "cdealDay": null,
        "estateAgentSggNm": null,
        "dealYear": "2023",
        "dealMonth": "8",
        "dealDay": "1"
      }
    ]
  },
  {
    "lawd_cd": "11470",
    "deal_ymd": "202309",
    "total_count": 27,
    "items": [
      {
        "sggCd": "11470",
        "sggNm": "양천구",
        "umdNm": "신정동",
        "jimok": "대",
        "jibun": "1**",
        "dealAmount": "1,522,999",
        "dealArea": "1198",
        "dealingGbn": "직거래",
        "landUse": "제2종일반주거지역",
        "shareDealingType": null,
        "cdealType": null,
        "cdealDay": null,
        "estateAgentSggNm": null,
        "dealYear": "2023",
        "dealMonth": "9",
        "dealDay": "6"
      },
      {
        "sggCd": "11470",
        "sggNm": "양천구",
        "umdNm": "신정동",
        "jimok": "대",
        "jibun": "1**",
        "dealAmount": "71,192",
        "dealArea": "56",
        "dealingGbn": "직거래",
        "landUse": "제2종일반주거지역",
        "shareDealingType": null,
        "cdealType": null,
        "cdealDay": null,
        "estateAgentSggNm": null,
        "dealYear": "2023",
        "dealMonth": "9",
        "dealDay": "6"
      },
      {
        "sggCd": "11470",
        "sggNm": "양천구",
        "umdNm": "신정동",
        "jimok": "대",
        "jibun": "1**",
        "dealAmount": "218,661",
        "dealArea": "172",
        "dealingGbn": "직거래",
        "landUse": "제2종일반주거지역",
        "shareDealingType": null,
        "cdealType": null,
        "cdealDay": null,
        "estateAgentSggNm": null,
        "dealYear": "2023",
        "dealMonth": "9",
        "dealDay": "6"
      },
      {
        "sggCd": "11470",
        "sggNm": "양천구",
        "umdNm": "신정동",
        "jimok": "대",
        "jibun": "1**",
        "dealAmount": "76,277",
        "dealArea": "60",
        "dealingGbn": "직거래",
        "landUse": "제2종일반주거지역",
        "shareDealingType": null,
        "cdealType": null,
        "cdealDay": null,
        "estateAgentSggNm": null,
        "dealYear": "2023",
        "dealMonth": "9",
        "dealDay": "6"
      },
      {
        "sggCd": "11470",
        "sggNm": "양천구",
        "umdNm": "신정동",
        "jimok": "대",
        "jibun": "1**",
        "dealAmount": "41,952",
        "dealArea": "33",
        "dealingGbn": "직거래",
        "landUse": "제2종일반주거지역",
        "shareDealingType": null,
        "cdealType": null,
        "cdealDay": null,
        "estateAgentSggNm": null,
        "dealYear": "2023",
        "dealMonth": "9",
        "dealDay": "6"
      },
      {
        "sggCd": "11470",
        "sggNm": "양천구",
        "umdNm": "신정동",
        "jimok": "대",
        "jibun": "1**",
        "dealAmount": "1,208,992",
        "dealArea": "951",
        "dealingGbn": "직거래",
        "landUse": "제2종일반주거지역",
        "shareDealingType": null,
        "cdealType": null,
        "cdealDay": null,
        "estateAgentSggNm": null,
        "dealYear": "2023",
        "dealMonth": "9",
        "dealDay": "6"
      },
      {
        "sggCd": "11470",
        "sggNm": "양천구",
        "umdNm": "신정동",
        "jimok": "대",
        "jibun": "1**",
        "dealAmount": "4,463",
        "dealArea": "13",
        "dealingGbn": "직거래",
        "landUse": "제2종일반주거지역",
        "shareDealingType": null,
        "cdealType": null,
        "cdealDay": null,
        "estateAgentSggNm": null,
        "dealYear": "2023",
        "dealMonth": "9",
        "dealDay": "6"
      },
      {
        "sggCd": "11470",
        "sggNm": "양천구",
        "umdNm": "신정동",
        "jimok": "대",
        "jibun": "1**",
        "dealAmount": "4,463",
        "dealArea": "13",
        "dealingGbn": "직거래",
        "landUse": "제2종일반주거지역",
        "shareDealingType": null,
        "cdealType": null,
        "cdealDay": null,
        "estateAgentSggNm": null,
        "dealYear": "2023",
        "dealMonth": "9",
        "dealDay": "6"
      },
      {
        "sggCd": "11470",
        "sggNm": "양천구",
        "umdNm": "신정동",
        "jimok": "도로",
        "jibun": "9**",
        "dealAmount": "1,095",
        "dealArea": "3",
        "dealingGbn": "직거래",
        "landUse": "제2종일반주거지역",
        "shareDealingType": "지분",
        "cdealType": null,
        "cdealDay": null,
        "estateAgentSggNm": null,
        "dealYear": "2023",
        "dealMonth": "9",
        "dealDay": "11"
      },
      {
        "sggCd": "11470",
        "sggNm": "양천구",
        "umdNm": "신정동",
        "jimok": "도로",
        "jibun": "9**",
        "dealAmount": "2,190",
        "dealArea": "6",
        "dealingGbn": "직거래",
        "landUse": "제2종일반주거지역",
        "shareDealingType": "지분",
        "cdealType": null,
        "cdealDay": null,
        "estateAgentSggNm": null,
        "dealYear": "2023",
        "dealMonth": "9",
        "dealDay": "11"
      },
      {
        "sggCd": "11470",
        "sggNm": "양천구",
        "umdNm": "신정동",
        "jimok": "도로",
        "jibun": "9**",
        "dealAmount": "3,650",
        "dealArea": "10",
        "dealingGbn": "직거래",
        "landUse": "제2종일반주거지역",
        "shareDealingType": "지분",
        "cdealType": null,
        "cdealDay": null,
        "estateAgentSggNm": null,
        "dealYear": "2023",
        "dealMonth": "9",
        "dealDay": "11"
      },
      {
        "sggCd": "11470",
        "sggNm": "양천구",
        "umdNm": "신정동",
        "jimok": "도로",
        "jibun": "9**",
        "dealAmount": "3,650",
        "dealArea": "10",
        "dealingGbn": "직거래",
        "landUse": "제2종일반주거지역",
        "shareDealingType": "지분",
        "cdealType": null,
        "cdealDay": null,
        "estateAgentSggNm": null,
        "dealYear": "2023",
        "dealMonth": "9",
        "dealDay": "11"
      },
      {
        "sggCd": "11470",
        "sggNm": "양천구",
        "umdNm": "신정동",
        "jimok": "도로",
        "jibun": "9**",
        "dealAmount": "3,650",
        "dealArea": "10",
        "dealingGbn": "직거래",
        "landUse": "제2종일반주거지역",
        "shareDealingType": "지분",
        "cdealType": null,
        "cdealDay": null,
        "estateAgentSggNm": null,
        "dealYear": "2023",
        "dealMonth": "9",
        "dealDay": "11"
      },
      {
        "sggCd": "11470",
        "sggNm": "양천구",
        "umdNm": "신정동",
        "jimok": "도로",
        "jibun": "9**",
        "dealAmount": "4,497",
        "dealArea": "12.32",
        "dealingGbn": "직거래",
        "landUse": "제2종일반주거지역",
        "shareDealingType": "지분",
        "cdealType": null,
        "cdealDay": null,
        "estateAgentSggNm": null,
        "dealYear": "2023",
        "dealMonth": "9",
        "dealDay": "11"
      },
      {
        "sggCd": "11470",
        "sggNm": "양천구",
        "umdNm": "신정동",
        "jimok": "도로",
        "jibun": "9**",
        "dealAmount": "2,190",
        "dealArea": "6",
        "dealingGbn": "직거래",
        "landUse": "제2종일반주거지역",
        "shareDealingType": "지분",
        "cdealType": null,
        "cdealDay": null,
        "estateAgentSggNm": null,
        "dealYear": "2023",
        "dealMonth": "9",
        "dealDay": "11"
      },
      {
        "sggCd": "11470",
        "sggNm": "양천구",
        "umdNm": "신정동",
        "jimok": "대",
        "jibun": "1**",
        "dealAmount": "1,522,999",
        "dealArea": "1198",
        "dealingGbn": "직거래",
        "landUse": "제2종일반주거지역",
        "shareDealingType": null,
        "cdealType": "O",
        "cdealDay": "23.11.29",
        "estateAgentSggNm": null,
        "dealYear": "2023",
        "dealMonth": "9",
        "dealDay": "6"
      },
      {
        "sggCd": "11470",
        "sggNm": "양천구",
        "umdNm": "신정동",
        "jimok": "대",
        "jibun": "1**",
        "dealAmount": "71,192",
        "dealArea": "56",
        "dealingGbn": "직거래",
        "landUse": "제2종일반주거지역",
        "shareDealingType": null,
        "cdealType": "O",
        "cdealDay": "23.11.29",
        "estateAgentSggNm": null,
        "dealYear": "2023",
        "dealMonth": "9",
        "dealDay": "6"
      },
      {
        "sggCd": "11470",
        "sggNm": "양천구",
        "umdNm": "신정동",
        "jimok": "대",
        "jibun": "1**",
        "dealAmount": "218,661",
        "dealArea": "172",
        "dealingGbn": "직거래",
        "landUse": "제2종일반주거지역",
        "shareDealingType": null,
        "cdealType": "O",
        "cdealDay": "23.11.29",
        "estateAgentSggNm": null,
        "dealYear": "2023",
        "dealMonth": "9",
        "dealDay": "6"
      },
      {
        "sggCd": "11470",
        "sggNm": "양천구",
        "umdNm": "신정동",
        "jimok": "대",
        "jibun": "1**",
        "dealAmount": "76,277",
        "dealArea": "60",
        "dealingGbn": "직거래",
        "landUse": "제2종일반주거지역",
        "shareDealingType": null,
        "cdealType": "O",
        "cdealDay": "23.11.29",
        "estateAgentSggNm": null,
        "dealYear": "2023",
        "dealMonth": "9",
        "dealDay": "6"
      },
      {
        "sggCd": "11470",
        "sggNm": "양천구",
        "umdNm": "신정동",
        "jimok": "대",
        "jibun": "1**",
        "dealAmount": "41,952",
        "dealArea": "33",
        "dealingGbn": "직거래",
        "landUse": "제2종일반주거지역",
        "shareDealingType": null,
        "cdealType": "O",
        "cdealDay": "23.11.29",
        "estateAgentSggNm": null,
        "dealYear": "2023",
        "dealMonth": "9",
        "dealDay": "6"
      },
      {
        "sggCd": "11470",
        "sggNm": "양천구",
        "umdNm": "신정동",
        "jimok": "대",
        "jibun": "1**",
        "dealAmount": "1,208,992",
        "dealArea": "951",
        "dealingGbn": "직거래",
        "landUse": "제2종일반주거지역",
        "shareDealingType": null,
        "cdealType": "O",
        "cdealDay": "23.11.29",
        "estateAgentSggNm": null,
        "dealYear": "2023",
        "dealMonth": "9",
        "dealDay": "6"
      },
      {
        "sggCd": "11470",
        "sggNm": "양천구",
        "umdNm": "신정동",
        "jimok": "대",
        "jibun": "1**",
        "dealAmount": "4,463",
        "dealArea": "13",
        "dealingGbn": "직거래",
        "landUse": "제2종일반주거지역",
        "shareDealingType": null,
        "cdealType": "O",
        "cdealDay": "23.11.29",
        "estateAgentSggNm": null,
        "dealYear": "2023",
        "dealMonth": "9",
        "dealDay": "6"
      },
      {
        "sggCd": "11470",
        "sggNm": "양천구",
        "umdNm": "신정동",
        "jimok": "대",
        "jibun": "1**",
        "dealAmount": "4,463",
        "dealArea": "13",
        "dealingGbn": "직거래",
        "landUse": "제2종일반주거지역",
        "shareDealingType": null,
        "cdealType": "O",
        "cdealDay": "23.11.29",
        "estateAgentSggNm": null,
        "dealYear": "2023",
        "dealMonth": "9",
        "dealDay": "6"
      },
      {
        "sggCd": "11470",
        "sggNm": "양천구",
        "umdNm": "신정동",
        "jimok": "도로",
        "jibun": "9**",
        "dealAmount": "5,159",
        "dealArea": "57.32",
        "dealingGbn": "중개거래",
        "landUse": "제2종일반주거지역",
        "shareDealingType": "지분",
        "cdealType": null,
        "cdealDay": null,
        "estateAgentSggNm": "서울 동작구",
        "dealYear": "2023",
        "dealMonth": "9",
        "dealDay": "8"
      },
      {
        "sggCd": "11470",
        "sggNm": "양천구",
        "umdNm": "신정동",
        "jimok": "도로",
        "jibun": "9**",
        "dealAmount": "4,250",
        "dealArea": "16.8",
        "dealingGbn": "직거래",
        "landUse": "제2종일반주거지역",
        "shareDealingType": null,
        "cdealType": null,
        "cdealDay": null,
        "estateAgentSggNm": null,
        "dealYear": "2023",
        "dealMonth": "9",
        "dealDay": "6"
      },
      {
        "sggCd": "11470",
        "sggNm": "양천구",
        "umdNm": "신정동",
        "jimok": "도로",
        "jibun": "9**",
        "dealAmount": "4,250",
        "dealArea": "15.6",
        "dealingGbn": "직거래",
        "landUse": "제2종일반주거지역",
        "shareDealingType": null,
        "cdealType": null,
        "cdealDay": null,
        "estateAgentSggNm": null,
        "dealYear": "2023",
        "dealMonth": "9",
        "dealDay": "6"
      },
      {
        "sggCd": "11470",
        "sggNm": "양천구",
        "umdNm": "목동",
        "jimok": "답",
        "jibun": "4**",
        "dealAmount": "20,000",
        "dealArea": "35.88",
        "dealingGbn": "중개거래",
        "landUse": "제3종일반주거지역",
        "shareDealingType": "지분",
        "cdealType": null,
        "cdealDay": null,
        "estateAgentSggNm": "서울 양천구",
        "dealYear": "2023",
        "dealMonth": "9",
        "dealDay": "4"
      }
    ]
  },
  {
    "lawd_cd": "11470",
    "deal_ymd": "202310",
    "total_count": 0,
    "items": []
  },
  {
    "lawd_cd": "11470",
    "deal_ymd": "202311",
    "total_count": 1,
    "items": [
      {
        "sggCd": "11470",
        "sggNm": "양천구",
        "umdNm": "신정동",
        "jimok": "대",
        "jibun": "2**",
        "dealAmount": "36,900",
        "dealArea": "32.63",
        "dealingGbn": "직거래",
        "landUse": "제2종일반주거지역",
        "shareDealingType": "지분",
        "cdealType": null,
        "cdealDay": null,
        "estateAgentSggNm": null,
        "dealYear": "2023",
        "dealMonth": "11",
        "dealDay": "22"
      }
    ]
  },
  {
    "lawd_cd": "11470",
    "deal_ymd": "202312",
    "total_count": 4,
    "items": [
      {
        "sggCd": "11470",
        "sggNm": "양천구",
        "umdNm": "신정동",
        "jimok": "도로",
        "jibun": "8**",
        "dealAmount": "260",
        "dealArea": "7.97",
        "dealingGbn": "직거래",
        "landUse": "제2종일반주거지역",
        "shareDealingType": "지분",
        "cdealType": null,
        "cdealDay": null,
        "estateAgentSggNm": null,
        "dealYear": "2023",
        "dealMonth": "12",
        "dealDay": "26"
      },
      {
        "sggCd": "11470",
        "sggNm": "양천구",
        "umdNm": "신월동",
        "jimok": "도로",
        "jibun": "6**",
        "dealAmount": "100",
        "dealArea": "2.2",
        "dealingGbn": "중개거래",
        "landUse": "제3종일반주거지역",
        "shareDealingType": null,
        "cdealType": null,
        "cdealDay": null,
        "estateAgentSggNm": "서울 양천구",
        "dealYear": "2023",
        "dealMonth": "12",
        "dealDay": "18"
      },
      {
        "sggCd": "11470",
        "sggNm": "양천구",
        "umdNm": "신월동",
        "jimok": "도로",
        "jibun": "2**",
        "dealAmount": "150",
        "dealArea": "43.4",
        "dealingGbn": "직거래",
        "landUse": "제2종일반주거지역",
        "shareDealingType": null,
        "cdealType": null,
        "cdealDay": null,
        "estateAgentSggNm": null,
        "dealYear": "2023",
        "dealMonth": "12",
        "dealDay": "26"
      },
      {
        "sggCd": "11470",
        "sggNm": "양천구",
        "umdNm": "신정동",
        "jimok": "도로",
        "jibun": "8**",
        "dealAmount": "1,000",
        "dealArea": "42.51",
        "dealingGbn": "직거래",
        "landUse": "제2종일반주거지역",
        "shareDealingType": "지분",
        "cdealType": null,
        "cdealDay": null,
        "estateAgentSggNm": null,
        "dealYear": "2023",
        "dealMonth": "12",
        "dealDay": "18"
      }
    ]
  },
  {
    "lawd_cd": "11470",
    "deal_ymd": "202201",
    "total_count": 10,
    "items": [
      {
        "sggCd": "11470",
        "sggNm": "양천구",
        "umdNm": "신정동",
        "jimok": "도로",
        "jibun": "9**",
        "dealAmount": "150",
        "dealArea": "1.15",
        "dealingGbn": "직거래",
        "landUse": "제3종일반주거지역",
        "shareDealingType": "지분",
        "cdealType": null,
        "cdealDay": null,
        "estateAgentSggNm": null,
        "dealYear": "2022",
        "dealMonth": "1",
        "dealDay": "20"
      },
      {
        "sggCd": "11470",
        "sggNm": "양천구",
        "umdNm": "신정동",
        "jimok": "도로",
        "jibun": "9**",
        "dealAmount": "15,000",
        "dealArea": "49.1",
        "dealingGbn": "직거래",
        "landUse": "제3종일반주거지역",
        "shareDealingType": "지분",
        "cdealType": null,
        "cdealDay": null,
        "estateAgentSggNm": null,
        "dealYear": "2022",
        "dealMonth": "1",
        "dealDay": "20"
      },
      {
        "sggCd": "11470",
        "sggNm": "양천구",
        "umdNm": "신정동",
        "jimok": "도로",
        "jibun": "9**",
        "dealAmount": "10,000",
        "dealArea": "50.1",
        "dealingGbn": "직거래",
        "landUse": "제2종일반주거지역",
        "shareDealingType": "지분",
        "cdealType": null,
        "cdealDay": null,
        "estateAgentSggNm": null,
        "dealYear": "2022",
        "dealMonth": "1",
        "dealDay": "20"
      },
      {
        "sggCd": "11470",
        "sggNm": "양천구",
        "umdNm": "신정동",
        "jimok": "도로",
        "jibun": "9**",
        "dealAmount": "3,700",
        "dealArea": "24.25",
        "dealingGbn": "직거래",
        "landUse": "제2종일반주거지역",
        "shareDealingType": "지분",
        "cdealType": null,
        "cdealDay": null,
        "estateAgentSggNm": null,
        "dealYear": "2022",
        "dealMonth": "1",
        "dealDay": "20"
      },
      {
        "sggCd": "11470",
        "sggNm": "양천구",
        "umdNm": "신정동",
        "jimok": "도로",
        "jibun": "9**",
        "dealAmount": "150",
        "dealArea": "1.1",
        "dealingGbn": "직거래",
        "landUse": "제3종일반주거지역",
        "shareDealingType": "지분",
        "cdealType": null,
        "cdealDay": null,
        "estateAgentSggNm": null,
        "dealYear": "2022",
        "dealMonth": "1",
        "dealDay": "20"
      },
      {
        "sggCd": "11470",
        "sggNm": "양천구",
        "umdNm": "신정동",
        "jimok": "도로",
        "jibun": "9**",
        "dealAmount": "150",
        "dealArea": "1.15",
        "dealingGbn": "직거래",
        "landUse": "제3종일반주거지역",
        "shareDealingType": "지분",
        "cdealType": null,
        "cdealDay": null,
        "estateAgentSggNm": null,
        "dealYear": "2022",
        "dealMonth": "1",
        "dealDay": "20"
      },
      {
        "sggCd": "11470",
        "sggNm": "양천구",
        "umdNm": "신정동",
        "jimok": "도로",
        "jibun": "9**",
        "dealAmount": "150",
        "dealArea": "1.1",
        "dealingGbn": "직거래",
        "landUse": "제3종일반주거지역",
        "shareDealingType": "지분",
        "cdealType": null,
        "cdealDay": null,
        "estateAgentSggNm": null,
        "dealYear": "2022",
        "dealMonth": "1",
        "dealDay": "20"
      },
      {
        "sggCd": "11470",
        "sggNm": "양천구",
        "umdNm": "신정동",
        "jimok": "도로",
        "jibun": "9**",
        "dealAmount": "10,000",
        "dealArea": "50.1",
        "dealingGbn": "직거래",
        "landUse": "제2종일반주거지역",
        "shareDealingType": "지분",
        "cdealType": null,
        "cdealDay": null,
        "estateAgentSggNm": null,
        "dealYear": "2022",
        "dealMonth": "1",
        "dealDay": "20"
      },
      {
        "sggCd": "11470",
        "sggNm": "양천구",
        "umdNm": "신정동",
        "jimok": "도로",
        "jibun": "9**",
        "dealAmount": "15,000",
        "dealArea": "49.1",
        "dealingGbn": "직거래",
        "landUse": "제3종일반주거지역",
        "shareDealingType": "지분",
        "cdealType": null,
        "cdealDay": null,
        "estateAgentSggNm": null,
        "dealYear": "2022",
        "dealMonth": "1",
        "dealDay": "20"
      },
      {
        "sggCd": "11470",
        "sggNm": "양천구",
        "umdNm": "신정동",
        "jimok": "도로",
        "jibun": "9**",
        "dealAmount": "3,700",
        "dealArea": "24.25",
        "dealingGbn": "직거래",
        "landUse": "제2종일반주거지역",
        "shareDealingType": "지분",
        "cdealType": null,
        "cdealDay": null,
        "estateAgentSggNm": null,
        "dealYear": "2022",
        "dealMonth": "1",
        "dealDay": "20"
      }
    ]
  },
  {
    "lawd_cd": "11470",
    "deal_ymd": "202202",
    "total_count": 6,
    "items": [
      {
        "sggCd": "11470",
        "sggNm": "양천구",
        "umdNm": "신월동",
        "jimok": "잡종지",
        "jibun": "3*",
        "dealAmount": "1,599",
        "dealArea": "17.63",
        "dealingGbn": "직거래",
        "landUse": "자연녹지지역",
        "shareDealingType": "지분",
        "cdealType": null,
        "cdealDay": null,
        "estateAgentSggNm": null,
        "dealYear": "2022",
        "dealMonth": "2",
        "dealDay": "15"
      },
      {
        "sggCd": "11470",
        "sggNm": "양천구",
        "umdNm": "신월동",
        "jimok": "잡종지",
        "jibun": "3*",
        "dealAmount": "21,801",
        "dealArea": "230.38",
        "dealingGbn": "직거래",
        "landUse": "자연녹지지역",
        "shareDealingType": "지분",
        "cdealType": null,
        "cdealDay": null,
        "estateAgentSggNm": null,
        "dealYear": "2022",
        "dealMonth": "2",
        "dealDay": "15"
      },
      {
        "sggCd": "11470",
        "sggNm": "양천구",
        "umdNm": "신정동",
        "jimok": "대",
        "jibun": "1***",
        "dealAmount": "95,000",
        "dealArea": "103.44",
        "dealingGbn": "직거래",
        "landUse": "제2종일반주거지역",
        "shareDealingType": "지분",
        "cdealType": null,
        "cdealDay": null,
        "estateAgentSggNm": null,
        "dealYear": "2022",
        "dealMonth": "2",
        "dealDay": "25"
      },
      {
        "sggCd": "11470",
        "sggNm": "양천구",
        "umdNm": "신정동",
        "jimok": "대",
        "jibun": "1***",
        "dealAmount": "214,000",
        "dealArea": "148.7",
        "dealingGbn": "직거래",
        "landUse": "제2종일반주거지역",
        "shareDealingType": null,
        "cdealType": null,
        "cdealDay": null,
        "estateAgentSggNm": null,
        "dealYear": "2022",
        "dealMonth": "2",
        "dealDay": "5"
      },
      {
        "sggCd": "11470",
        "sggNm": "양천구",
        "umdNm": "신월동",
        "jimok": "잡종지",
        "jibun": "3*",
        "dealAmount": "24,000",
        "dealArea": "248",
        "dealingGbn": "직거래",
        "landUse": "자연녹지지역",
        "shareDealingType": "지분",
        "cdealType": "O",
        "cdealDay": "22.03.31",
        "estateAgentSggNm": null,
        "dealYear": "2022",
        "dealMonth": "2",
        "dealDay": "15"
      },
      {
        "sggCd": "11470",
        "sggNm": "양천구",
        "umdNm": "목동",
        "jimok": "대",
        "jibun": "1**",
        "dealAmount": "34,000",
        "dealArea": "93",
        "dealingGbn": "직거래",
        "landUse": "제1종일반주거지역",
        "shareDealingType": null,
        "cdealType": null,
        "cdealDay": null,
        "estateAgentSggNm": null,
        "dealYear": "2022",
        "dealMonth": "2",
        "dealDay": "17"
      }
    ]
  },
  {
    "lawd_cd": "11470",
    "deal_ymd": "202203",
    "total_count": 1,
    "items": [
      {
        "sggCd": "11470",
        "sggNm": "양천구",
        "umdNm": "목동",
        "jimok": "도로",
        "jibun": "9**",
        "dealAmount": "117,636",
        "dealArea": "216.8",
        "dealingGbn": "직거래",
        "landUse": "자연녹지지역",
        "shareDealingType": null,
        "cdealType": null,
        "cdealDay": null,
        "estateAgentSggNm": null,
        "dealYear": "2022",
        "dealMonth": "3",
        "dealDay": "21"
      }
    ]
  },
  {
    "lawd_cd": "11470",
    "deal_ymd": "202204",
    "total_count": 3,
    "items": [
      {
        "sggCd": "11470",
        "sggNm": "양천구",
        "umdNm": "신정동",
        "jimok": "대",
        "jibun": "8*",
        "dealAmount": "37,000",
        "dealArea": "46.5",
        "dealingGbn": "중개거래",
        "landUse": "제3종일반주거지역",
        "shareDealingType": "지분",
        "cdealType": null,
        "cdealDay": null,
        "estateAgentSggNm": "서울 동작구",
        "dealYear": "2022",
        "dealMonth": "4",
        "dealDay": "12"
      },
      {
        "sggCd": "11470",
        "sggNm": "양천구",
        "umdNm": "목동",
        "jimok": "대",
        "jibun": "4**",
        "dealAmount": "139,527",
        "dealArea": "184.5",
        "dealingGbn": "직거래",
        "landUse": "제3종일반주거지역",
        "shareDealingType": "지분",
        "cdealType": null,
        "cdealDay": null,
        "estateAgentSggNm": null,
        "dealYear": "2022",
        "dealMonth": "4",
        "dealDay": "13"
      },
      {
        "sggCd": "11470",
        "sggNm": "양천구",
        "umdNm": "신월동",
        "jimok": "대",
        "jibun": "1**",
        "dealAmount": "30,000",
        "dealArea": "61.11",
        "dealingGbn": "직거래",
        "landUse": "제2종일반주거지역",
        "shareDealingType": "지분",
        "cdealType": null,
        "cdealDay": null,
        "estateAgentSggNm": null,
        "dealYear": "2022",
        "dealMonth": "4",
        "dealDay": "8"
      }
    ]
  },
  {
    "lawd_cd": "11470",
    "deal_ymd": "202205",
    "total_count": 1,
    "items": [
      {
        "sggCd": "11470",
        "sggNm": "양천구",
        "umdNm": "신월동",
        "jimok": "도로",
        "jibun": "2*",
        "dealAmount": "10,000",
        "dealArea": "233.4",
        "dealingGbn": "직거래",
        "landUse": "제2종일반주거지역",
        "shareDealingType": null,
        "cdealType": null,
        "cdealDay": null,
        "estateAgentSggNm": null,
        "dealYear": "2022",
        "dealMonth": "5",
        "dealDay": "16"
      }
    ]
  },
  {
    "lawd_cd": "11470",
    "deal_ymd": "202206",
    "total_count": 9,
    "items": [
      {
        "sggCd": "11470",
        "sggNm": "양천구",
        "umdNm": "목동",
        "jimok": "도로",
        "jibun": "1**",
        "dealAmount": "6,200",
        "dealArea": "205",
        "dealingGbn": "직거래",
        "landUse": "제1종일반주거지역",
        "shareDealingType": "지분",
        "cdealType": null,
        "cdealDay": null,
        "estateAgentSggNm": null,
        "dealYear": "2022",
        "dealMonth": "6",
        "dealDay": "28"
      },
      {
        "sggCd": "11470",
        "sggNm": "양천구",
        "umdNm": "목동",
        "jimok": "도로",
        "jibun": "1**",
        "dealAmount": "3,000",
        "dealArea": "99",
        "dealingGbn": "직거래",
        "landUse": "제1종일반주거지역",
        "shareDealingType": "지분",
        "cdealType": null,
        "cdealDay": null,
        "estateAgentSggNm": null,
        "dealYear": "2022",
        "dealMonth": "6",
        "dealDay": "28"
      },
      {
        "sggCd": "11470",
        "sggNm": "양천구",
        "umdNm": "목동",
        "jimok": "도로",
        "jibun": "1**",
        "dealAmount": "10,000",
        "dealArea": "331",
        "dealingGbn": "직거래",
        "landUse": "제1종일반주거지역",
        "shareDealingType": "지분",
        "cdealType": null,
        "cdealDay": null,
        "estateAgentSggNm": null,
        "dealYear": "2022",
        "dealMonth": "6",
        "dealDay": "28"
      },
      {
        "sggCd": "11470",
        "sggNm": "양천구",
        "umdNm": "목동",
        "jimok": "도로",
        "jibun": "1**",
        "dealAmount": "16,000",
        "dealArea": "529",
        "dealingGbn": "직거래",
        "landUse": "제1종일반주거지역",
        "shareDealingType": "지분",
        "cdealType": null,
        "cdealDay": null,
        "estateAgentSggNm": null,
        "dealYear": "2022",
        "dealMonth": "6",
        "dealDay": "28"
      },
      {
        "sggCd": "11470",
        "sggNm": "양천구",
        "umdNm": "목동",
        "jimok": "도로",
        "jibun": "1**",
        "dealAmount": "10,000",
        "dealArea": "331",
        "dealingGbn": "직거래",
        "landUse": "제1종일반주거지역",
        "shareDealingType": "지분",
        "cdealType": null,
        "cdealDay": null,
        "estateAgentSggNm": null,
        "dealYear": "2022",
        "dealMonth": "6",
        "dealDay": "28"
      },
      {
        "sggCd": "11470",
        "sggNm": "양천구",
        "umdNm": "목동",
        "jimok": "도로",
        "jibun": "1**",
        "dealAmount": "20,000",
        "dealArea": "66",
        "dealingGbn": "직거래",
        "landUse": "제1종일반주거지역",
        "shareDealingType": "지분",
        "cdealType": null,
        "cdealDay": null,
        "estateAgentSggNm": null,
        "dealYear": "2022",
        "dealMonth": "6",
        "dealDay": "28"
      },
      {
        "sggCd": "11470",
        "sggNm": "양천구",
        "umdNm": "목동",
        "jimok": "도로",
        "jibun": "1**",
        "dealAmount": "16,000",
        "dealArea": "529",
        "dealingGbn": "직거래",
        "landUse": "제1종일반주거지역",
        "shareDealingType": "지분",
        "cdealType": null,
        "cdealDay": null,
        "estateAgentSggNm": null,
        "dealYear": "2022",
        "dealMonth": "6",
        "dealDay": "28"
      },
      {
        "sggCd": "11470",
        "sggNm": "양천구",
        "umdNm": "목동",
        "jimok": "도로",
        "jibun": "1**",
        "dealAmount": "20,000",
        "dealArea": "661",
        "dealingGbn": "직거래",
        "landUse": "제1종일반주거지역",
        "shareDealingType": "지분",
        "cdealType": null,
        "cdealDay": null,
        "estateAgentSggNm": null,
        "dealYear": "2022",
        "dealMonth": "6",
        "dealDay": "28"
      },
      {
        "sggCd": "11470",
        "sggNm": "양천구",
        "umdNm": "신정동",
        "jimok": "도로",
        "jibun": "1***",
        "dealAmount": "43,000",
        "dealArea": "284.2",
        "dealingGbn": "직거래",
        "landUse": "제2종일반주거지역",
        "shareDealingType": "지분",
        "cdealType": null,
        "cdealDay": null,
        "estateAgentSggNm": null,
        "dealYear": "2022",
        "dealMonth": "6",
        "dealDay": "24"
      }
    ]
  },
  {
    "lawd_cd": "11470",
    "deal_ymd": "202207",
    "total_count": 0,
    "items": []
  },
  {
    "lawd_cd": "11470",
    "deal_ymd": "202208",
    "total_count": 1,
    "items": [
      {
        "sggCd": "11470",
        "sggNm": "양천구",
        "umdNm": "신월동",
        "jimok": "대",
        "jibun": "1**",
        "dealAmount": "8,500",
        "dealArea": "29.96",
        "dealingGbn": "직거래",
        "landUse": "제2종일반주거지역",
        "shareDealingType": "지분",
        "cdealType": null,
        "cdealDay": null,
        "estateAgentSggNm": null,
        "dealYear": "2022",
        "dealMonth": "8",
        "dealDay": "3"
      }
    ]
  },
  {
    "lawd_cd": "11470",
    "deal_ymd": "202209",
    "total_count": 2,
    "items": [
      {
        "sggCd": "11470",
        "sggNm": "양천구",
        "umdNm": "신정동",
        "jimok": "도로",
        "jibun": "9**",
        "dealAmount": "27,000",
        "dealArea": "30.4",
        "dealingGbn": "직거래",
        "landUse": "제3종일반주거지역",
        "shareDealingType": null,
        "cdealType": null,
        "cdealDay": null,
        "estateAgentSggNm": null,
        "dealYear": "2022",
        "dealMonth": "9",
        "dealDay": "26"
      },
      {
        "sggCd": "11470",
        "sggNm": "양천구",
        "umdNm": "목동",
        "jimok": "대",
        "jibun": "4**",
        "dealAmount": "326",
        "dealArea": "1",
        "dealingGbn": "직거래",
        "landUse": "제2종일반주거지역",
        "shareDealingType": "지분",
        "cdealType": null,
        "cdealDay": null,
        "estateAgentSggNm": null,
        "dealYear": "2022",
        "dealMonth": "9",
        "dealDay": "1"
      }
    ]
  },
  {
    "lawd_cd": "11470",
    "deal_ymd": "202210",
    "total_count": 0,
    "items": []
  },
  {
    "lawd_cd": "11470",
    "deal_ymd": "202211",
    "total_count": 2,
    "items": [
      {
        "sggCd": "11470",
        "sggNm": "양천구",
        "umdNm": "목동",
        "jimok": "도로",
        "jibun": "1**",
        "dealAmount": "17,000",
        "dealArea": "330",
        "dealingGbn": "중개거래",
        "landUse": "제1종일반주거지역",
        "shareDealingType": "지분",
        "cdealType": null,
        "cdealDay": null,
        "estateAgentSggNm": "서울 서초구",
        "dealYear": "2022",
        "dealMonth": "11",
        "dealDay": "26"
      },
      {
        "sggCd": "11470",
        "sggNm": "양천구",
        "umdNm": "신정동",
        "jimok": "대",
        "jibun": "8**",
        "dealAmount": "20,300",
        "dealArea": "47.4",
        "dealingGbn": "직거래",
        "landUse": "제2종일반주거지역",
        "shareDealingType": "지분",
        "cdealType": null,
        "cdealDay": null,
        "estateAgentSggNm": null,
        "dealYear": "2022",
        "dealMonth": "11",
        "dealDay": "1"
      }
    ]
  },
  {
    "lawd_cd": "11470",
    "deal_ymd": "202212",
    "total_count": 1,
    "items": [
      {
        "sggCd": "11470",
        "sggNm": "양천구",
        "umdNm": "신정동",
        "jimok": "대",
        "jibun": "2**",
        "dealAmount": "50,880",
        "dealArea": "80",
        "dealingGbn": "직거래",
        "landUse": "제2종일반주거지역",
        "shareDealingType": null,
        "cdealType": null,
        "cdealDay": null,
        "estateAgentSggNm": null,
        "dealYear": "2022",
        "dealMonth": "12",
        "dealDay": "30"
      }
    ]
  }
]