[
  {
    "lawd_cd": "11710",
    "deal_ymd": "202301",
    "total_count": 6,
    "items": [
      {
        "sggCd": "11710",
        "sggNm": "송파구",
        "umdNm": "신천동",
        "jimok": "대",
        "jibun": "2*",
        "dealAmount": "150,000",
        "dealArea": "46.61",
        "dealingGbn": "중개거래",
        "landUse": "제3종일반주거지역",
        "shareDealingType": null,
        "cdealType": null,
        "cdealDay": null,
        "estateAgentSggNm": "서울 송파구",
        "dealYear": "2023",
        "dealMonth": "1",
        "dealDay": "28"
      },
      {
        "sggCd": "11710",
        "sggNm": "송파구",
        "umdNm": "방이동",
        "jimok": "전",
        "jibun": "4**",
        "dealAmount": "55,700",
        "dealArea": "336",
        "dealingGbn": "직거래",
        "landUse": "개발제한구역",
        "shareDealingType": null,
        "cdealType": null,
        "cdealDay": null,
        "estateAgentSggNm": null,
        "dealYear": "2023",
        "dealMonth": "1",
        "dealDay": "12"
      },
      {
        "sggCd": "11710",
        "sggNm": "송파구",
        "umdNm": "신천동",
        "jimok": "대",
        "jibun": "2*",
        "dealAmount": "230,000",
        "dealArea": "90.63",
        "dealingGbn": "중개거래",
        "landUse": "제3종일반주거지역",
        "shareDealingType": "지분",
        "cdealType": null,
        "cdealDay": null,
        "estateAgentSggNm": "서울 송파구",
        "dealYear": "2023",
        "dealMonth": "1",
        "dealDay": "8"
      },
      {
        "sggCd": "11710",
        "sggNm": "송파구",
        "umdNm": "신천동",
        "jimok": "대",
        "jibun": "1*",
        "dealAmount": "120,000",
        "dealArea": "38.05",
        "dealingGbn": "중개거래",
        "landUse": "제3종일반주거지역",
        "shareDealingType": "지분",
        "cdealType": null,
        "cdealDay": null,
        "estateAgentSggNm": "서울 송파구",
        "dealYear": "2023",
        "dealMonth": "1",
        "dealDay": "6"
      },
      {
        "sggCd": "11710",
        "sggNm": "송파구",
        "umdNm": "마천동",
        "jimok": "대",
        "jibun": "3**",
        "dealAmount": "17,400",
        "dealArea": "25.8",
        "dealingGbn": "직거래",
        "landUse": "제2종일반주거지역",
        "shareDealingType": "지분",
        "cdealType": null,
        "cdealDay": null,
        "estateAgentSggNm": null,
        "dealYear": "2023",
        "dealMonth": "1",
        "dealDay": "26"
      },
      {
        "sggCd": "11710",
        "sggNm": "송파구",
        "umdNm": "거여동",
        "jimok": "대",
        "jibun": "2**",
        "dealAmount": "220,422",
        "dealArea": "259",
        "dealingGbn": "직거래",
        "landUse": "제1종전용주거지역",
        "shareDealingType": null,
        "cdealType": null,
        "cdealDay": null,
        "estateAgentSggNm": null,
        "dealYear": "2023",
        "dealMonth": "1",
        "dealDay": "12"
      }
    ]
  },
  {
    "lawd_cd": "11710",
    "deal_ymd": "202302",
    "total_count": 3,
    "items": [
      {
        "sggCd": "11710",
        "sggNm": "송파구",
        "umdNm": "신천동",
        "jimok": "대",
        "jibun": "2*",
        "dealAmount": "239,000",
        "dealArea": "86.32",
        "dealingGbn": "중개거래",
        "landUse": "제3종일반주거지역",
        "shareDealingType": "지분",
        "cdealType": null,
        "cdealDay": null,
        "estateAgentSggNm": "서울 송파구",
        "dealYear": "2023",
        "dealMonth": "2",
        "dealDay": "17"
      },
      {
        "sggCd": "11710",
        "sggNm": "송파구",
        "umdNm": "신천동",
        "jimok": "대",
        "jibun": "1*",
        "dealAmount": "149,000",
        "dealArea": "38.05",
        "dealingGbn": "중개거래",
        "landUse": "제3종일반주거지역",
        "shareDealingType": "지분",
        "cdealType": null,
        "cdealDay": null,
        "estateAgentSggNm": "서울 강동구 서울 송파구",
        "dealYear": "2023",
        "dealMonth": "2",
        "dealDay": "16"
      },
      {
        "sggCd": "11710",
        "sggNm": "송파구",
        "umdNm": "방이동",
        "jimok": "대",
        "jibun": "1**",
        "dealAmount": "290,250",
        "dealArea": "191.9",
        "dealingGbn": "중개거래",
        "landUse": "제2종일반주거지역",
        "shareDealingType": null,
        "cdealType": null,
        "cdealDay": null,
        "estateAgentSggNm": "서울 서초구",
        "dealYear": "2023",
        "dealMonth": "2",
        "dealDay": "2"
      }
    ]
  },
  {
    "lawd_cd": "11710",
    "deal_ymd": "202303",
    "total_count": 6,
    "items": [
      {
        "sggCd": "11710",
        "sggNm": "송파구",
        "umdNm": "방이동",
        "jimok": "대",
        "jibun": "4*",
        "dealAmount": "2,376",
        "dealArea": "3.3",
        "dealingGbn": "직거래",
        "landUse": "일반상업지역",
        "shareDealingType": "지분",
        "cdealType": null,
        "cdealDay": null,
        "estateAgentSggNm": null,
        "dealYear": "2023",
        "dealMonth": "3",
        "dealDay": "13"
      },
      {
        "sggCd": "11710",
        "sggNm": "송파구",
        "umdNm": "방이동",
        "jimok": "대",
        "jibun": "4*",
        "dealAmount": "5,250",
        "dealArea": "7",
        "dealingGbn": "직거래",
        "landUse": "일반상업지역",
        "shareDealingType": "지분",
        "cdealType": null,
        "cdealDay": null,
        "estateAgentSggNm": null,
        "dealYear": "2023",
        "dealMonth": "3",
        "dealDay": "23"
      },
      {
        "sggCd": "11710",
        "sggNm": "송파구",
        "umdNm": "신천동",
        "jimok": "대",
        "jibun": "2*",
        "dealAmount": "190,000",
        "dealArea": "54.36",
        "dealingGbn": "중개거래",
        "landUse": "제3종일반주거지역",
        "shareDealingType": "지분",
        "cdealType": null,
        "cdealDay": null,
        "estateAgentSggNm": "서울 강동구 서울 송파구",
        "dealYear": "2023",
        "dealMonth": "3",
        "dealDay": "25"
      },
      {
        "sggCd": "11710",
        "sggNm": "송파구",
        "umdNm": "방이동",
        "jimok": "전",
        "jibun": "4**",
        "dealAmount": "60,000",
        "dealArea": "496",
        "dealingGbn": "중개거래",
        "landUse": "자연녹지지역",
        "shareDealingType": null,
        "cdealType": null,
        "cdealDay": null,
        "estateAgentSggNm": "서울 송파구",
        "dealYear": "2023",
        "dealMonth": "3",
        "dealDay": "17"
      },
      {
        "sggCd": "11710",
        "sggNm": "송파구",
        "umdNm": "마천동",
        "jimok": "대",
        "jibun": "1**",
        "dealAmount": "360",
        "dealArea": "2.19",
        "dealingGbn": "중개거래",
        "landUse": "제2종일반주거지역",
        "shareDealingType": "지분",
        "cdealType": null,
        "cdealDay": null,
        "estateAgentSggNm": "서울 송파구",
        "dealYear": "2023",
        "dealMonth": "3",
        "dealDay": "24"
      },
      {
        "sggCd": "11710",
        "sggNm": "송파구",
        "umdNm": "마천동",
        "jimok": "임야",
        "jibun": "5*",
        "dealAmount": "10,000",
        "dealArea": "132",
        "dealingGbn": "중개거래",
        "landUse": "개발제한구역",
        "shareDealingType": "지분",
        "cdealType": null,
        "cdealDay": null,
        "estateAgentSggNm": "경기 하남시",
        "dealYear": "2023",
        "dealMonth": "3",
        "dealDay": "6"
      }
    ]
  },
  {
    "lawd_cd": "11710",
    "deal_ymd": "202304",
    "total_count": 2,
    "items": [
      {
        "sggCd": "11710",
        "sggNm": "송파구",
        "umdNm": "거여동",
        "jimok": "대",
        "jibun": "1**",
        "dealAmount": "2,000",
        "dealArea": "3",
        "dealingGbn": "직거래",
        "landUse": "제2종일반주거지역",
        "shareDealingType": null,
        "cdealType": null,
        "cdealDay": null,
        "estateAgentSggNm": null,
        "dealYear": "2023",
        "dealMonth": "4",
        "dealDay": "26"
      },
      {
        "sggCd": "11710",
        "sggNm": "송파구",
        "umdNm": "신천동",
        "jimok": "대",
        "jibun": "2*",
        "dealAmount": "198,500",
        "dealArea": "54.36",
        "dealingGbn": "중개거래",
        "landUse": "제3종일반주거지역",
        "shareDealingType": null,
        "cdealType": null,
        "cdealDay": null,
        "estateAgentSggNm": "서울 송파구",
        "dealYear": "2023",
        "dealMonth": "4",
        "dealDay": "26"
      }
    ]
  },
  {
    "lawd_cd": "11710",
    "deal_ymd": "202305",
    "total_count": 8,
    "items": [
      {
        "sggCd": "11710",
        "sggNm": "송파구",
        "umdNm": "신천동",
        "jimok": "대",
        "jibun": "1*",
        "dealAmount": "155,000",
        "dealArea": "38.05",
        "dealingGbn": "중개거래",
        "landUse": "제3종일반주거지역",
        "shareDealingType": "지분",
        "cdealType": null,
        "cdealDay": null,
        "estateAgentSggNm": "서울 송파구",
        "dealYear": "2023",
        "dealMonth": "5",
        "dealDay": "25"
      },
      {
        "sggCd": "11710",
        "sggNm": "송파구",
        "umdNm": "방이동",
        "jimok": "도로",
        "jibun": "4*",
        "dealAmount": "5,250",
        "dealArea": "7",
        "dealingGbn": "직거래",
        "landUse": "일반상업지역",
        "shareDealingType": "지분",
        "cdealType": null,
        "cdealDay": null,
        "estateAgentSggNm": null,
        "dealYear": "2023",
        "dealMonth": "5",
        "dealDay": "18"
      },
      {
        "sggCd": "11710",
        "sggNm": "송파구",
        "umdNm": "신천동",
        "jimok": "대",
        "jibun": "2*",
        "dealAmount": "295,000",
        "dealArea": "86.32",
        "dealingGbn": "중개거래",
        "landUse": "제3종일반주거지역",
        "shareDealingType": null,
        "cdealType": null,
        "cdealDay": null,
        "estateAgentSggNm": "서울 송파구",
        "dealYear": "2023",
        "dealMonth": "5",
        "dealDay": "26"
      },
      {
        "sggCd": "11710",
        "sggNm": "송파구",
        "umdNm": "거여동",
        "jimok": "대",
        "jibun": "6**",
        "dealAmount": "207,480",
        "dealArea": "312",
        "dealingGbn": "중개거래",
        "landUse": "제1종전용주거지역",
        "shareDealingType": null,
        "cdealType": null,
        "cdealDay": null,
        "estateAgentSggNm": "서울 송파구",
        "dealYear": "2023",
        "dealMonth": "5",
        "dealDay": "25"
      },
      {
        "sggCd": "11710",
        "sggNm": "송파구",
        "umdNm": "방이동",
        "jimok": "대",
        "jibun": "1**",
        "dealAmount": "167,000",
        "dealArea": "140.7",
        "dealingGbn": "중개거래",
        "landUse": "제2종일반주거지역",
        "shareDealingType": null,
        "cdealType": null,
        "cdealDay": null,
        "estateAgentSggNm": "서울 강동구",
        "dealYear": "2023",
        "dealMonth": "5",
        "dealDay": "15"
      },
      {
        "sggCd": "11710",
        "sggNm": "송파구",
        "umdNm": "신천동",
        "jimok": "대",
        "jibun": "2*",
        "dealAmount": "242,000",
        "dealArea": "62.38",
        "dealingGbn": "중개거래",
        "landUse": "제3종일반주거지역",
        "shareDealingType": null,
        "cdealType": null,
        "cdealDay": null,
        "estateAgentSggNm": "경기 하남시 서울 송파구",
        "dealYear": "2023",
        "dealMonth": "5",
        "dealDay": "11"
      },
      {
        "sggCd": "11710",
        "sggNm": "송파구",
        "umdNm": "신천동",
        "jimok": "대",
        "jibun": "2*",
        "dealAmount": "200,300",
        "dealArea": "54.36",
        "dealingGbn": "중개거래",
        "landUse": "제3종일반주거지역",
        "shareDealingType": null,
        "cdealType": null,
        "cdealDay": null,
        "estateAgentSggNm": "서울 강동구 서울 송파구",
        "dealYear": "2023",
        "dealMonth": "5",
        "dealDay": "9"
      },
      {
        "sggCd": "11710",
        "sggNm": "송파구",
        "umdNm": "신천동",
        "jimok": "대",
        "jibun": "1*",
        "dealAmount": "318,000",
        "dealArea": "97.62",
        "dealingGbn": "중개거래",
        "landUse": "제3종일반주거지역",
        "shareDealingType": "지분",
        "cdealType": null,
        "cdealDay": null,
        "estateAgentSggNm": "서울 강동구",
        "dealYear": "2023",
        "dealMonth": "5",
        "dealDay": "3"
      }
    ]
  },
  {
    "lawd_cd": "11710",
    "deal_ymd": "202306",
    "total_count": 4,
    "items": [
      {
        "sggCd": "11710",
        "sggNm": "송파구",
        "umdNm": "신천동",
        "jimok": "대",
        "jibun": "1*",
        "dealAmount": "164,000",
        "dealArea": "38.05",
        "dealingGbn": "중개거래",
        "landUse": "제3종일반주거지역",
        "shareDealingType": "지분",
        "cdealType": null,
        "cdealDay": null,
        "estateAgentSggNm": "서울 송파구",
        "dealYear": "2023",
        "dealMonth": "6",
        "dealDay": "20"
      },
      {
        "sggCd": "11710",
        "sggNm": "송파구",
        "umdNm": "방이동",
        "jimok": "답",
        "jibun": "4**",
        "dealAmount": "150,000",
        "dealArea": "1034",
        "dealingGbn": "직거래",
        "landUse": "자연녹지지역",
        "shareDealingType": null,
        "cdealType": null,
        "cdealDay": null,
        "estateAgentSggNm": null,
        "dealYear": "2023",
        "dealMonth": "6",
        "dealDay": "28"
      },
      {
        "sggCd": "11710",
        "sggNm": "송파구",
        "umdNm": "풍납동",
        "jimok": "도로",
        "jibun": "8*",
        "dealAmount": "4,500",
        "dealArea": "43",
        "dealingGbn": "직거래",
        "landUse": "제2종일반주거지역",
        "shareDealingType": null,
        "cdealType": null,
        "cdealDay": null,
        "estateAgentSggNm": null,
        "dealYear": "2023",
        "dealMonth": "6",
        "dealDay": "28"
      },
      {
        "sggCd": "11710",
        "sggNm": "송파구",
        "umdNm": "신천동",
        "jimok": "대",
        "jibun": "1*",
        "dealAmount": "240,000",
        "dealArea": "61.4",
        "dealingGbn": "중개거래",
        "landUse": "제3종일반주거지역",
        "shareDealingType": "지분",
        "cdealType": null,
        "cdealDay": null,
        "estateAgentSggNm": "경기 하남시 서울 송파구",
        "dealYear": "2023",
        "dealMonth": "6",
        "dealDay": "12"
      }
    ]
  },
  {
    "lawd_cd": "11710",
    "deal_ymd": "202307",
    "total_count": 4,
    "items": [
      {
        "sggCd": "11710",
        "sggNm": "송파구",
        "umdNm": "방이동",
        "jimok": "전",
        "jibun": "4**",
        "dealAmount": "89,500",
        "dealArea": "569",
        "dealingGbn": "직거래",
        "landUse": "자연녹지지역",
        "shareDealingType": null,
        "cdealType": null,
        "cdealDay": null,
        "estateAgentSggNm": null,
        "dealYear": "2023",
        "dealMonth": "7",
        "dealDay": "18"
      },
      {
        "sggCd": "11710",
        "sggNm": "송파구",
        "umdNm": "신천동",
        "jimok": "대",
        "jibun": "1*",
        "dealAmount": "164,000",
        "dealArea": "38.05",
        "dealingGbn": "중개거래",
        "landUse": "제3종일반주거지역",
        "shareDealingType": "지분",
        "cdealType": null,
        "cdealDay": null,
        "estateAgentSggNm": "서울 송파구",
        "dealYear": "2023",
        "dealMonth": "7",
        "dealDay": "21"
      },
      {
        "sggCd": "11710",
        "sggNm": "송파구",
        "umdNm": "풍납동",
        "jimok": "도로",
        "jibun": "8*",
        "dealAmount": "1,677",
        "dealArea": "13",
        "dealingGbn": "중개거래",
        "landUse": "제2종일반주거지역",
        "shareDealingType": null,
        "cdealType": null,
        "cdealDay": null,
        "estateAgentSggNm": "서울 송파구",
        "dealYear": "2023",
        "dealMonth": "7",
        "dealDay": "10"
      },
      {
        "sggCd": "11710",
        "sggNm": "송파구",
        "umdNm": "거여동",
        "jimok": "대",
        "jibun": "6**",
        "dealAmount": "185,000",
        "dealArea": "270",
        "dealingGbn": "직거래",
        "landUse": "제1종일반주거지역",
        "shareDealingType": null,
        "cdealType": null,
        "cdealDay": null,
        "estateAgentSggNm": null,
        "dealYear": "2023",
        "dealMonth": "7",
        "dealDay": "12"
      }
    ]
  },
  {
    "lawd_cd": "11710",
    "deal_ymd": "202308",
    "total_count": 5,
    "items": [
      {
        "sggCd": "11710",
        "sggNm": "송파구",
        "umdNm": "송파동",
        "jimok": "대",
        "jibun": "1**",
        "dealAmount": "255,000",
        "dealArea": "191.6",
        "dealingGbn": "중개거래",
        "landUse": "제2종일반주거지역",
        "shareDealingType": null,
        "cdealType": null,
        "cdealDay": null,
        "estateAgentSggNm": "서울 강동구 서울 송파구",
        "dealYear": "2023",
        "dealMonth": "8",
        "dealDay": "31"
      },
      {
        "sggCd": "11710",
        "sggNm": "송파구",
        "umdNm": "신천동",
        "jimok": "대",
        "jibun": "2*",
        "dealAmount": "208,000",
        "dealArea": "46.61",
        "dealingGbn": "중개거래",
        "landUse": "제3종일반주거지역",
        "shareDealingType": null,
        "cdealType": null,
        "cdealDay": null,
        "estateAgentSggNm": "서울 송파구",
        "dealYear": "2023",
        "dealMonth": "8",
        "dealDay": "29"
      },
      {
        "sggCd": "11710",
        "sggNm": "송파구",
        "umdNm": "송파동",
        "jimok": "대",
        "jibun": "1**",
        "dealAmount": "255,000",
        "dealArea": "191.6",
        "dealingGbn": "중개거래",
        "landUse": "제2종일반주거지역",
        "shareDealingType": null,
        "cdealType": "O",
        "cdealDay": "23.11.22",
        "estateAgentSggNm": "서울 강동구, 서울 송파구",
        "dealYear": "2023",
        "dealMonth": "8",
        "dealDay": "31"
      },
      {
        "sggCd": "11710",
        "sggNm": "송파구",
        "umdNm": "신천동",
        "jimok": "대",
        "jibun": "1*",
        "dealAmount": "175,000",
        "dealArea": "38.05",
        "dealingGbn": "중개거래",
        "landUse": "제3종일반주거지역",
        "shareDealingType": null,
        "cdealType": null,
        "cdealDay": null,
        "estateAgentSggNm": "서울 송파구",
        "dealYear": "2023",
        "dealMonth": "8",
        "dealDay": "11"
      },
      {
        "sggCd": "11710",
        "sggNm": "송파구",
        "umdNm": "신천동",
        "jimok": "대",
        "jibun": "2*",
        "dealAmount": "83,501",
        "dealArea": "55.37",
        "dealingGbn": "직거래",
        "landUse": "제3종일반주거지역",
        "shareDealingType": "지분",
        "cdealType": null,
        "cdealDay": null,
        "estateAgentSggNm": null,
        "dealYear": "2023",
        "dealMonth": "8",
        "dealDay": "28"
      }
    ]
  },
  {
    "lawd_cd": "11710",
    "deal_ymd": "202309",
    "total_count": 0,
    "items": []
  },
  {
    "lawd_cd": "11710",
    "deal_ymd": "202310",
    "total_count": 5,
    "items": [
      {
        "sggCd": "11710",
        "sggNm": "송파구",
        "umdNm": "신천동",
        "jimok": "대",
        "jibun": "1*",
        "dealAmount": "185,000",
        "dealArea": "38.05",
        "dealingGbn": "중개거래",
        "landUse": "제3종일반주거지역",
        "shareDealingType": "지분",
        "cdealType": null,
        "cdealDay": null,
        "estateAgentSggNm": "서울 송파구",
        "dealYear": "2023",
        "dealMonth": "10",
        "dealDay": "20"
      },
      {
        "sggCd": "11710",
        "sggNm": "송파구",
        "umdNm": "마천동",
        "jimok": "도로",
        "jibun": "3**",
        "dealAmount": "71,000",
        "dealArea": "112",
        "dealingGbn": "중개거래",
        "landUse": "제3종일반주거지역",
        "shareDealingType": "지분",
        "cdealType": null,
        "cdealDay": null,
        "estateAgentSggNm": "서울 송파구",
        "dealYear": "2023",
        "dealMonth": "10",
        "dealDay": "7"
      },
      {
        "sggCd": "11710",
        "sggNm": "송파구",
        "umdNm": "방이동",
        "jimok": "대",
        "jibun": "4*",
        "dealAmount": "2,376",
        "dealArea": "3.2",
        "dealingGbn": "직거래",
        "landUse": "일반상업지역",
        "shareDealingType": "지분",
        "cdealType": null,
        "cdealDay": null,
        "estateAgentSggNm": null,
        "dealYear": "2023",
        "dealMonth": "10",
        "dealDay": "6"
      },
      {
        "sggCd": "11710",
        "sggNm": "송파구",
        "umdNm": "방이동",
        "jimok": "대",
        "jibun": "4*",
        "dealAmount": "2,970",
        "dealArea": "4",
        "dealingGbn": "직거래",
        "landUse": "일반상업지역",
        "shareDealingType": "지분",
        "cdealType": null,
        "cdealDay": null,
        "estateAgentSggNm": null,
        "dealYear": "2023",
        "dealMonth": "10",
        "dealDay": "5"
      },
      {
        "sggCd": "11710",
        "sggNm": "송파구",
        "umdNm": "신천동",
        "jimok": "대",
        "jibun": "1*",
        "dealAmount": "220,000",
        "dealArea": "45.48",
        "dealingGbn": "중개거래",
        "landUse": "제3종일반주거지역",
        "shareDealingType": null,
        "cdealType": null,
        "cdealDay": null,
        "estateAgentSggNm": "서울 송파구",
        "dealYear": "2023",
        "dealMonth": "10",
        "dealDay": "3"
      }
    ]
  },
  {
    "lawd_cd": "11710",
    "deal_ymd": "202311",
    "total_count": 5,
    "items": [
      {
        "sggCd": "11710",
        "sggNm": "송파구",
        "umdNm": "송파동",
        "jimok": "대",
        "jibun": "4*",
        "dealAmount": "72,728",
        "dealArea": "63.05",
        "dealingGbn": "중개거래",
        "landUse": "제2종일반주거지역",
        "shareDealingType": "지분",
        "cdealType": null,
        "cdealDay": null,
        "estateAgentSggNm": "서울 송파구",
        "dealYear": "2023",
        "dealMonth": "11",
        "dealDay": "30"
      },
      {
        "sggCd": "11710",
        "sggNm": "송파구",
        "umdNm": "신천동",
        "jimok": "대",
        "jibun": "1*",
        "dealAmount": "82,000",
        "dealArea": "19.03",
        "dealingGbn": "직거래",
        "landUse": "제3종일반주거지역",
        "shareDealingType": "지분",
        "cdealType": null,
        "cdealDay": null,
        "estateAgentSggNm": null,
        "dealYear": "2023",
        "dealMonth": "11",
        "dealDay": "3"
      },
      {
        "sggCd": "11710",
        "sggNm": "송파구",
        "umdNm": "신천동",
        "jimok": "대",
        "jibun": "2*",
        "dealAmount": "328,000",
        "dealArea": "112.82",
        "dealingGbn": "중개거래",
        "landUse": "제3종일반주거지역",
        "shareDealingType": "지분",
        "cdealType": null,
        "cdealDay": null,
        "estateAgentSggNm": "서울 송파구",
        "dealYear": "2023",
        "dealMonth": "11",
        "dealDay": "10"
      },
      {
        "sggCd": "11710",
        "sggNm": "송파구",
        "umdNm": "풍납동",
        "jimok": "도로",
        "jibun": "8*",
        "dealAmount": "10,000",
        "dealArea": "105.78",
        "dealingGbn": "직거래",
        "landUse": "제2종일반주거지역",
        "shareDealingType": "지분",
        "cdealType": null,
        "cdealDay": null,
        "estateAgentSggNm": null,
        "dealYear": "2023",
        "dealMonth": "11",
        "dealDay": "28"
      },
      {
        "sggCd": "11710",
        "sggNm": "송파구",
        "umdNm": "신천동",
        "jimok": "대",
        "jibun": "1*",
        "dealAmount": "62,500",
        "dealArea": "19.03",
        "dealingGbn": "직거래",
        "landUse": "제3종일반주거지역",
        "shareDealingType": "지분",
        "cdealType": "O",
        "cdealDay": "23.12.26",
        "estateAgentSggNm": null,
        "dealYear": "2023",
        "dealMonth": "11",
        "dealDay": "3"
      }
    ]
  },
  {
    "lawd_cd": "11710",
    "deal_ymd": "202312",
    "total_count": 12,
    "items": [
      {
        "sggCd": "11710",
        "sggNm": "송파구",
        "umdNm": "방이동",
        "jimok": "전",
        "jibun": "4**",
        "dealAmount": "20,000",
        "dealArea": "200",
        "dealingGbn": "직거래",
        "landUse": "자연녹지지역",
        "shareDealingType": null,
        "cdealType": null,
        "cdealDay": null,
        "estateAgentSggNm": null,
        "dealYear": "2023",
        "dealMonth": "12",
        "dealDay": "29"
      },
      {
        "sggCd": "11710",
        "sggNm": "송파구",
        "umdNm": "방이동",
        "jimok": "전",
        "jibun": "4**",
        "dealAmount": "20,000",
        "dealArea": "200",
        "dealingGbn": "직거래",
        "landUse": "자연녹지지역",
        "shareDealingType": null,
        "cdealType": null,
        "cdealDay": null,
        "estateAgentSggNm": null,
        "dealYear": "2023",
        "dealMonth": "12",
        "dealDay": "29"
      },
      {
        "sggCd": "11710",
        "sggNm": "송파구",
        "umdNm": "풍납동",
        "jimok": "도로",
        "jibun": "8*",
        "dealAmount": "7,400",
        "dealArea": "73.23",
        "dealingGbn": "직거래",
        "landUse": "제2종일반주거지역",
        "shareDealingType": "지분",
        "cdealType": null,
        "cdealDay": null,
        "estateAgentSggNm": null,
        "dealYear": "2023",
        "dealMonth": "12",
        "dealDay": "29"
      },
      {
        "sggCd": "11710",
        "sggNm": "송파구",
        "umdNm": "풍납동",
        "jimok": "도로",
        "jibun": "8*",
        "dealAmount": "2,700",
        "dealArea": "39.52",
        "dealingGbn": "직거래",
        "landUse": "제2종일반주거지역",
        "shareDealingType": "지분",
        "cdealType": null,
        "cdealDay": null,
        "estateAgentSggNm": null,
        "dealYear": "2023",
        "dealMonth": "12",
        "dealDay": "29"
      },
      {
        "sggCd": "11710",
        "sggNm": "송파구",
        "umdNm": "풍납동",
        "jimok": "도로",
        "jibun": "8*",
        "dealAmount": "1,400",
        "dealArea": "24.41",
        "dealingGbn": "직거래",
        "landUse": "제2종일반주거지역",
        "shareDealingType": "지분",
        "cdealType": null,
        "cdealDay": null,
        "estateAgentSggNm": null,
        "dealYear": "2023",
        "dealMonth": "12",
        "dealDay": "29"
      },
      {
        "sggCd": "11710",
        "sggNm": "송파구",
        "umdNm": "풍납동",
        "jimok": "도로",
        "jibun": "8*",
        "dealAmount": "700",
        "dealArea": "24.41",
        "dealingGbn": "직거래",
        "landUse": "제2종일반주거지역",
        "shareDealingType": "지분",
        "cdealType": null,
        "cdealDay": null,
        "estateAgentSggNm": null,
        "dealYear": "2023",
        "dealMonth": "12",
        "dealDay": "29"
      },
      {
        "sggCd": "11710",
        "sggNm": "송파구",
        "umdNm": "풍납동",
        "jimok": "도로",
        "jibun": "8*",
        "dealAmount": "700",
        "dealArea": "24.41",
        "dealingGbn": "직거래",
        "landUse": "제2종일반주거지역",
        "shareDealingType": "지분",
        "cdealType": null,
        "cdealDay": null,
        "estateAgentSggNm": null,
        "dealYear": "2023",
        "dealMonth": "12",
        "dealDay": "29"
      },
      {
        "sggCd": "11710",
        "sggNm": "송파구",
        "umdNm": "석촌동",
        "jimok": "대",
        "jibun": "2**",
        "dealAmount": "140,000",
        "dealArea": "107",
        "dealingGbn": "직거래",
        "landUse": "제2종일반주거지역",
        "shareDealingType": "지분",
        "cdealType": null,
        "cdealDay": null,
        "estateAgentSggNm": null,
        "dealYear": "2023",
        "dealMonth": "12",
        "dealDay": "28"
      },
      {
        "sggCd": "11710",
        "sggNm": "송파구",
        "umdNm": "신천동",
        "jimok": "대",
        "jibun": "1*",
        "dealAmount": "187,500",
        "dealArea": "38.05",
        "dealingGbn": "중개거래",
        "landUse": "제3종일반주거지역",
        "shareDealingType": "지분",
        "cdealType": null,
        "cdealDay": null,
        "estateAgentSggNm": "서울 송파구",
        "dealYear": "2023",
        "dealMonth": "12",
        "dealDay": "23"
      },
      {
        "sggCd": "11710",
        "sggNm": "송파구",
        "umdNm": "신천동",
        "jimok": "대",
        "jibun": "1*",
        "dealAmount": "215,000",
        "dealArea": "45.48",
        "dealingGbn": "중개거래",
        "landUse": "제3종일반주거지역",
        "shareDealingType": null,
        "cdealType": null,
        "cdealDay": null,
        "estateAgentSggNm": "서울 송파구",
        "dealYear": "2023",
        "dealMonth": "12",
        "dealDay": "14"
      },
      {
        "sggCd": "11710",
        "sggNm": "송파구",
        "umdNm": "방이동",
        "jimok": "전",
        "jibun": "4**",
        "dealAmount": "205,000",
        "dealArea": "752",
        "dealingGbn": "중개거래",
        "landUse": "개발제한구역",
        "shareDealingType": null,
        "cdealType": null,
        "cdealDay": null,
        "estateAgentSggNm": "경기 하남시, 서울 강남구, 서울 동대문구",
        "dealYear": "2023",
        "dealMonth": "12",
        "dealDay": "20"
      },
      {
        "sggCd": "11710",
        "sggNm": "송파구",
        "umdNm": "가락동",
        "jimok": "대",
        "jibun": "1*",
        "dealAmount": "10,000",
        "dealArea": "19.15",
        "dealingGbn": "직거래",
        "landUse": "제2종일반주거지역",
        "shareDealingType": "지분",
        "cdealType": null,
        "cdealDay": null,
        "estateAgentSggNm": null,
        "dealYear": "2023",
        "dealMonth": "12",
        "dealDay": "7"
      }
    ]
  },
  {
    "lawd_cd": "11710",
    "deal_ymd": "202201",
    "total_count": 4,
    "items": [
      {
        "sggCd": "11710",
        "sggNm": "송파구",
        "umdNm": "송파동",
        "jimok": "대",
        "jibun": "1**",
        "dealAmount": "187,000",
        "dealArea": "163.8",
        "dealingGbn": "직거래",
        "landUse": "제2종일반주거지역",
        "shareDealingType": null,
        "cdealType": null,
        "cdealDay": null,
        "estateAgentSggNm": null,
        "dealYear": "2022",
        "dealMonth": "1",
        "dealDay": "28"
      },
      {
        "sggCd": "11710",
        "sggNm": "송파구",
        "umdNm": "방이동",
        "jimok": "전",
        "jibun": "4**",
        "dealAmount": "55,000",
        "dealArea": "330",
        "dealingGbn": "직거래",
        "landUse": "자연녹지지역",
        "shareDealingType": null,
        "cdealType": null,
        "cdealDay": null,
        "estateAgentSggNm": null,
        "dealYear": "2022",
        "dealMonth": "1",
        "dealDay": "21"
      },
      {
        "sggCd": "11710",
        "sggNm": "송파구",
        "umdNm": "마천동",
        "jimok": "대",
        "jibun": "3**",
        "dealAmount": "80,000",
        "dealArea": "122",
        "dealingGbn": "중개거래",
        "landUse": "제3종일반주거지역",
        "shareDealingType": null,
        "cdealType": null,
        "cdealDay": null,
        "estateAgentSggNm": "서울 은평구",
        "dealYear": "2022",
        "dealMonth": "1",
        "dealDay": "24"
      },
      {
        "sggCd": "11710",
        "sggNm": "송파구",
        "umdNm": "방이동",
        "jimok": "전",
        "jibun": "4**",
        "dealAmount": "99,550",
        "dealArea": "600",
        "dealingGbn": "직거래",
        "landUse": "자연녹지지역",
        "shareDealingType": null,
        "cdealType": null,
        "cdealDay": null,
        "estateAgentSggNm": null,
        "dealYear": "2022",
        "dealMonth": "1",
        "dealDay": "5"
      }
    ]
  },
  {
    "lawd_cd": "11710",
    "deal_ymd": "202202",
    "total_count": 5,
    "items": [
      {
        "sggCd": "11710",
        "sggNm": "송파구",
        "umdNm": "방이동",
        "jimok": "대",
        "jibun": "1**",
        "dealAmount": "420,000",
        "dealArea": "285.4",
        "dealingGbn": "중개거래",
        "landUse": "제2종일반주거지역",
        "shareDealingType": null,
        "cdealType": null,
        "cdealDay": null,
        "estateAgentSggNm": "서울 강남구",
        "dealYear": "2022",
        "dealMonth": "2",
        "dealDay": "17"
      },
      {
        "sggCd": "11710",
        "sggNm": "송파구",
        "umdNm": "마천동",
        "jimok": "임야",
        "jibun": "5*",
        "dealAmount": "9,000",
        "dealArea": "51",
        "dealingGbn": "중개거래",
        "landUse": "개발제한구역",
        "shareDealingType": null,
        "cdealType": null,
        "cdealDay": null,
        "estateAgentSggNm": "서울 강동구",
        "dealYear": "2022",
        "dealMonth": "2",
        "dealDay": "26"
      },
      {
        "sggCd": "11710",
        "sggNm": "송파구",
        "umdNm": "문정동",
        "jimok": "대",
        "jibun": "1**",
        "dealAmount": "16,850",
        "dealArea": "14.98",
        "dealingGbn": "직거래",
        "landUse": "제2종일반주거지역",
        "shareDealingType": "지분",
        "cdealType": null,
        "cdealDay": null,
        "estateAgentSggNm": null,
        "dealYear": "2022",
        "dealMonth": "2",
        "dealDay": "22"
      },
      {
        "sggCd": "11710",
        "sggNm": "송파구",
        "umdNm": "방이동",
        "jimok": "대",
        "jibun": "5*",
        "dealAmount": "1,100,000",
        "dealArea": "281.6",
        "dealingGbn": "직거래",
        "landUse": "일반상업지역",
        "shareDealingType": null,
        "cdealType": null,
        "cdealDay": null,
        "estateAgentSggNm": null,
        "dealYear": "2022",
        "dealMonth": "2",
        "dealDay": "22"
      },
      {
        "sggCd": "11710",
        "sggNm": "송파구",
        "umdNm": "거여동",
        "jimok": "도로",
        "jibun": "1**",
        "dealAmount": "16,000",
        "dealArea": "55",
        "dealingGbn": "직거래",
        "landUse": "제3종일반주거지역",
        "shareDealingType": null,
        "cdealType": null,
        "cdealDay": null,
        "estateAgentSggNm": null,
        "dealYear": "2022",
        "dealMonth": "2",
        "dealDay": "8"
      }
    ]
  },
  {
    "lawd_cd": "11710",
    "deal_ymd": "202203",
    "total_count": 4,
    "items": [
      {
        "sggCd": "11710",
        "sggNm": "송파구",
        "umdNm": "마천동",
        "jimok": "전",
        "jibun": "6*",
        "dealAmount": "121,450",
        "dealArea": "803",
        "dealingGbn": "중개거래",
        "landUse": "개발제한구역",
        "shareDealingType": null,
        "cdealType": "O",
        "cdealDay": "22.08.31",
        "estateAgentSggNm": "서울 송파구",
        "dealYear": "2022",
        "dealMonth": "3",
        "dealDay": "25"
      },
      {
        "sggCd": "11710",
        "sggNm": "송파구",
        "umdNm": "문정동",
        "jimok": "대",
        "jibun": "1**",
        "dealAmount": "107,900",
        "dealArea": "37.67",
        "dealingGbn": "중개거래",
        "landUse": "제2종일반주거지역",
        "shareDealingType": "지분",
        "cdealType": null,
        "cdealDay": null,
        "estateAgentSggNm": "서울 송파구",
        "dealYear": "2022",
        "dealMonth": "3",
        "dealDay": "14"
      },
      {
        "sggCd": "11710",
        "sggNm": "송파구",
        "umdNm": "신천동",
        "jimok": "대",
        "jibun": "2*",
        "dealAmount": "250,000",
        "dealArea": "54.36",
        "dealingGbn": "중개거래",
        "landUse": "제3종일반주거지역",
        "shareDealingType": null,
        "cdealType": null,
        "cdealDay": null,
        "estateAgentSggNm": "서울 송파구",
        "dealYear": "2022",
        "dealMonth": "3",
        "dealDay": "8"
      },
      {
        "sggCd": "11710",
        "sggNm": "송파구",
        "umdNm": "문정동",
        "jimok": "대",
        "jibun": "1**",
        "dealAmount": "113,500",
        "dealArea": "33.45",
        "dealingGbn": "중개거래",
        "landUse": "제2종일반주거지역",
        "shareDealingType": "지분",
        "cdealType": null,
        "cdealDay": null,
        "estateAgentSggNm": "서울 송파구",
        "dealYear": "2022",
        "dealMonth": "3",
        "dealDay": "6"
      }
    ]
  },
  {
    "lawd_cd": "11710",
    "deal_ymd": "202204",
    "total_count": 3,
    "items": [
      {
        "sggCd": "11710",
        "sggNm": "송파구",
        "umdNm": "방이동",
        "jimok": "전",
        "jibun": "4**",
        "dealAmount": "22,700",
        "dealArea": "134",
        "dealingGbn": "직거래",
        "landUse": "개발제한구역",
        "shareDealingType": "지분",
        "cdealType": null,
        "cdealDay": null,
        "estateAgentSggNm": null,
        "dealYear": "2022",
        "dealMonth": "4",
        "dealDay": "3"
      },
      {
        "sggCd": "11710",
        "sggNm": "송파구",
        "umdNm": "가락동",
        "jimok": "대",
        "jibun": "8*",
        "dealAmount": "200,000",
        "dealArea": "182.3",
        "dealingGbn": "중개거래",
        "landUse": "제2종일반주거지역",
        "shareDealingType": null,
        "cdealType": null,
        "cdealDay": null,
        "estateAgentSggNm": "서울 서초구",
        "dealYear": "2022",
        "dealMonth": "4",
        "dealDay": "12"
      },
      {
        "sggCd": "11710",
        "sggNm": "송파구",
        "umdNm": "방이동",
        "jimok": "전",
        "jibun": "4**",
        "dealAmount": "15,750",
        "dealArea": "58",
        "dealingGbn": "직거래",
        "landUse": "개발제한구역",
        "shareDealingType": null,
        "cdealType": null,
        "cdealDay": null,
        "estateAgentSggNm": null,
        "dealYear": "2022",
        "dealMonth": "4",
        "dealDay": "4"
      }
    ]
  },
  {
    "lawd_cd": "11710",
    "deal_ymd": "202205",
    "total_count": 4,
    "items": [
      {
        "sggCd": "11710",
        "sggNm": "송파구",
        "umdNm": "신천동",
        "jimok": "대",
        "jibun": "2*",
        "dealAmount": "398,000",
        "dealArea": "112.82",
        "dealingGbn": "중개거래",
        "landUse": "제3종일반주거지역",
        "shareDealingType": null,
        "cdealType": null,
        "cdealDay": null,
        "estateAgentSggNm": "서울 동대문구 서울 송파구",
        "dealYear": "2022",
        "dealMonth": "5",
        "dealDay": "26"
      },
      {
        "sggCd": "11710",
        "sggNm": "송파구",
        "umdNm": "오금동",
        "jimok": "답",
        "jibun": "1**",
        "dealAmount": "26,400",
        "dealArea": "141",
        "dealingGbn": "직거래",
        "landUse": "개발제한구역",
        "shareDealingType": null,
        "cdealType": null,
        "cdealDay": null,
        "estateAgentSggNm": null,
        "dealYear": "2022",
        "dealMonth": "5",
        "dealDay": "2"
      },
      {
        "sggCd": "11710",
        "sggNm": "송파구",
        "umdNm": "오금동",
        "jimok": "답",
        "jibun": "1**",
        "dealAmount": "63,600",
        "dealArea": "332",
        "dealingGbn": "직거래",
        "landUse": "개발제한구역",
        "shareDealingType": null,
        "cdealType": null,
        "cdealDay": null,
        "estateAgentSggNm": null,
        "dealYear": "2022",
        "dealMonth": "5",
        "dealDay": "2"
      },
      {
        "sggCd": "11710",
        "sggNm": "송파구",
        "umdNm": "오금동",
        "jimok": "대",
        "jibun": "8*",
        "dealAmount": "620,000",
        "dealArea": "419.6",
        "dealingGbn": "중개거래",
        "landUse": "제3종일반주거지역",
        "shareDealingType": null,
        "cdealType": null,
        "cdealDay": null,
        "estateAgentSggNm": "서울 강남구",
        "dealYear": "2022",
        "dealMonth": "5",
        "dealDay": "15"
      }
    ]
  },
  {
    "lawd_cd": "11710",
    "deal_ymd": "202206",
    "total_count": 8,
    "items": [
      {
        "sggCd": "11710",
        "sggNm": "송파구",
        "umdNm": "신천동",
        "jimok": "대",
        "jibun": "1*",
        "dealAmount": "303,000",
        "dealArea": "97.62",
        "dealingGbn": "중개거래",
        "landUse": "제3종일반주거지역",
        "shareDealingType": "지분",
        "cdealType": null,
        "cdealDay": null,
        "estateAgentSggNm": "서울 송파구",
        "dealYear": "2022",
        "dealMonth": "6",
        "dealDay": "23"
      },
      {
        "sggCd": "11710",
        "sggNm": "송파구",
        "umdNm": "석촌동",
        "jimok": "대",
        "jibun": "1**",
        "dealAmount": "195,000",
        "dealArea": "110.5",
        "dealingGbn": "직거래",
        "landUse": "제3종일반주거지역",
        "shareDealingType": null,
        "cdealType": null,
        "cdealDay": null,
        "estateAgentSggNm": null,
        "dealYear": "2022",
        "dealMonth": "6",
        "dealDay": "21"
      },
      {
        "sggCd": "11710",
        "sggNm": "송파구",
        "umdNm": "문정동",
        "jimok": "대",
        "jibun": "*",
        "dealAmount": "2,300",
        "dealArea": "2.37",
        "dealingGbn": "직거래",
        "landUse": "제2종일반주거지역",
        "shareDealingType": "지분",
        "cdealType": null,
        "cdealDay": null,
        "estateAgentSggNm": null,
        "dealYear": "2022",
        "dealMonth": "6",
        "dealDay": "22"
      },
      {
        "sggCd": "11710",
        "sggNm": "송파구",
        "umdNm": "문정동",
        "jimok": "대",
        "jibun": "*",
        "dealAmount": "2,300",
        "dealArea": "2.37",
        "dealingGbn": "직거래",
        "landUse": "제2종일반주거지역",
        "shareDealingType": "지분",
        "cdealType": null,
        "cdealDay": null,
        "estateAgentSggNm": null,
        "dealYear": "2022",
        "dealMonth": "6",
        "dealDay": "22"
      },
      {
        "sggCd": "11710",
        "sggNm": "송파구",
        "umdNm": "문정동",
        "jimok": "대",
        "jibun": "7*",
        "dealAmount": "760,000",
        "dealArea": "458.1",
        "dealingGbn": "직거래",
        "landUse": "제2종일반주거지역",
        "shareDealingType": null,
        "cdealType": null,
        "cdealDay": null,
        "estateAgentSggNm": null,
        "dealYear": "2022",
        "dealMonth": "6",
        "dealDay": "10"
      },
      {
        "sggCd": "11710",
        "sggNm": "송파구",
        "umdNm": "마천동",
        "jimok": "대",
        "jibun": "1**",
        "dealAmount": "4,744",
        "dealArea": "34",
        "dealingGbn": "직거래",
        "landUse": "제2종일반주거지역",
        "shareDealingType": "지분",
        "cdealType": null,
        "cdealDay": null,
        "estateAgentSggNm": null,
        "dealYear": "2022",
        "dealMonth": "6",
        "dealDay": "24"
      },
      {
        "sggCd": "11710",
        "sggNm": "송파구",
        "umdNm": "마천동",
        "jimok": "도로",
        "jibun": "1**",
        "dealAmount": "1,256",
        "dealArea": "9",
        "dealingGbn": "직거래",
        "landUse": "제2종일반주거지역",
        "shareDealingType": "지분",
        "cdealType": null,
        "cdealDay": null,
        "estateAgentSggNm": null,
        "dealYear": "2022",
        "dealMonth": "6",
        "dealDay": "24"
      },
      {
        "sggCd": "11710",
        "sggNm": "송파구",
        "umdNm": "방이동",
        "jimok": "대",
        "jibun": "4**",
        "dealAmount": "5,000",
        "dealArea": "59.8",
        "dealingGbn": "직거래",
        "landUse": "개발제한구역",
        "shareDealingType": "지분",
        "cdealType": "O",
        "cdealDay": "22.06.28",
        "estateAgentSggNm": null,
        "dealYear": "2022",
        "dealMonth": "6",
        "dealDay": "22"
      }
    ]
  },
  {
    "lawd_cd": "11710",
    "deal_ymd": "202207",
    "total_count": 3,
    "items": [
      {
        "sggCd": "11710",
        "sggNm": "송파구",
        "umdNm": "석촌동",
        "jimok": "대",
        "jibun": "5*",
        "dealAmount": "1,900,000",
        "dealArea": "844.5",
        "dealingGbn": "중개거래",
        "landUse": "제3종일반주거지역",
        "shareDealingType": null,
        "cdealType": null,
        "cdealDay": null,
        "estateAgentSggNm": "서울 강남구",
        "dealYear": "2022",
        "dealMonth": "7",
        "dealDay": "12"
      },
      {
        "sggCd": "11710",
        "sggNm": "송파구",
        "umdNm": "신천동",
        "jimok": "대",
        "jibun": "2*",
        "dealAmount": "404,000",
        "dealArea": "112.82",
        "dealingGbn": "중개거래",
        "landUse": "제3종일반주거지역",
        "shareDealingType": null,
        "cdealType": null,
        "cdealDay": null,
        "estateAgentSggNm": "서울 송파구",
        "dealYear": "2022",
        "dealMonth": "7",
        "dealDay": "7"
      },
      {
        "sggCd": "11710",
        "sggNm": "송파구",
        "umdNm": "오금동",
        "jimok": "임야",
        "jibun": "산*",
        "dealAmount": "16,500",
        "dealArea": "496.88",
        "dealingGbn": "중개거래",
        "landUse": "개발제한구역",
        "shareDealingType": "지분",
        "cdealType": null,
        "cdealDay": null,
        "estateAgentSggNm": "서울 강남구",
        "dealYear": "2022",
        "dealMonth": "7",
        "dealDay": "17"
      }
    ]
  },
  {
    "lawd_cd": "11710",
    "deal_ymd": "202208",
    "total_count": 8,
    "items": [
      {
        "sggCd": "11710",
        "sggNm": "송파구",
        "umdNm": "삼전동",
        "jimok": "대",
        "jibun": "1**",
        "dealAmount": "1,160,000",
        "dealArea": "316.6",
        "dealingGbn": "중개거래",
        "landUse": "제3종일반주거지역",
        "shareDealingType": null,
        "cdealType": null,
        "cdealDay": null,
        "estateAgentSggNm": "서울 송파구",
        "dealYear": "2022",
        "dealMonth": "8",
        "dealDay": "31"
      },
      {
        "sggCd": "11710",
        "sggNm": "송파구",
        "umdNm": "방이동",
        "jimok": "대",
        "jibun": "1**",
        "dealAmount": "25,000",
        "dealArea": "16",
        "dealingGbn": "직거래",
        "landUse": "제2종일반주거지역",
        "shareDealingType": "지분",
        "cdealType": null,
        "cdealDay": null,
        "estateAgentSggNm": null,
        "dealYear": "2022",
        "dealMonth": "8",
        "dealDay": "18"
      },
      {
        "sggCd": "11710",
        "sggNm": "송파구",
        "umdNm": "방이동",
        "jimok": "답",
        "jibun": "4**",
        "dealAmount": "139,112",
        "dealArea": "790",
        "dealingGbn": "중개거래",
        "landUse": "개발제한구역",
        "shareDealingType": null,
        "cdealType": null,
        "cdealDay": null,
        "estateAgentSggNm": "경기 하남시",
        "dealYear": "2022",
        "dealMonth": "8",
        "dealDay": "3"
      },
      {
        "sggCd": "11710",
        "sggNm": "송파구",
        "umdNm": "방이동",
        "jimok": "전",
        "jibun": "4**",
        "dealAmount": "75,015",
        "dealArea": "426",
        "dealingGbn": "중개거래",
        "landUse": "개발제한구역",
        "shareDealingType": null,
        "cdealType": null,
        "cdealDay": null,
        "estateAgentSggNm": "경기 하남시",
        "dealYear": "2022",
        "dealMonth": "8",
        "dealDay": "3"
      },
      {
        "sggCd": "11710",
        "sggNm": "송파구",
        "umdNm": "방이동",
        "jimok": "전",
        "jibun": "4**",
        "dealAmount": "112,875",
        "dealArea": "641",
        "dealingGbn": "중개거래",
        "landUse": "개발제한구역",
        "shareDealingType": null,
        "cdealType": null,
        "cdealDay": null,
        "estateAgentSggNm": "경기 하남시",
        "dealYear": "2022",
        "dealMonth": "8",
        "dealDay": "3"
      },
      {
        "sggCd": "11710",
        "sggNm": "송파구",
        "umdNm": "방이동",
        "jimok": "전",
        "jibun": "4**",
        "dealAmount": "27,999",
        "dealArea": "159",
        "dealingGbn": "중개거래",
        "landUse": "개발제한구역",
        "shareDealingType": null,
        "cdealType": null,
        "cdealDay": null,
        "estateAgentSggNm": "경기 하남시",
        "dealYear": "2022",
        "dealMonth": "8",
        "dealDay": "3"
      },
      {
        "sggCd": "11710",
        "sggNm": "송파구",
        "umdNm": "방이동",
        "jimok": "대",
        "jibun": "1**",
        "dealAmount": "310,000",
        "dealArea": "166.8",
        "dealingGbn": "중개거래",
        "landUse": "제2종일반주거지역",
        "shareDealingType": null,
        "cdealType": null,
        "cdealDay": null,
        "estateAgentSggNm": "서울 서초구 서울 송파구",
        "dealYear": "2022",
        "dealMonth": "8",
        "dealDay": "9"
      },
      {
        "sggCd": "11710",
        "sggNm": "송파구",
        "umdNm": "문정동",
        "jimok": "대",
        "jibun": "8*",
        "dealAmount": "12,500",
        "dealArea": "10.37",
        "dealingGbn": "직거래",
        "landUse": "제2종일반주거지역",
        "shareDealingType": "지분",
        "cdealType": null,
        "cdealDay": null,
        "estateAgentSggNm": null,
        "dealYear": "2022",
        "dealMonth": "8",
        "dealDay": "10"
      }
    ]
  },
  {
    "lawd_cd": "11710",
    "deal_ymd": "202209",
    "total_count": 5,
    "items": [
      {
        "sggCd": "11710",
        "sggNm": "송파구",
        "umdNm": "잠실동",
        "jimok": "대",
        "jibun": "2**",
        "dealAmount": "632,500",
        "dealArea": "243.5",
        "dealingGbn": "직거래",
        "landUse": "제3종일반주거지역",
        "shareDealingType": null,
        "cdealType": null,
        "cdealDay": null,
        "estateAgentSggNm": null,
        "dealYear": "2022",
        "dealMonth": "9",
        "dealDay": "30"
      },
      {
        "sggCd": "11710",
        "sggNm": "송파구",
        "umdNm": "방이동",
        "jimok": "대",
        "jibun": "1**",
        "dealAmount": "290,250",
        "dealArea": "191.9",
        "dealingGbn": "중개거래",
        "landUse": "제2종일반주거지역",
        "shareDealingType": null,
        "cdealType": "O",
        "cdealDay": "23.02.10",
        "estateAgentSggNm": "서울 서초구",
        "dealYear": "2022",
        "dealMonth": "9",
        "dealDay": "21"
      },
      {
        "sggCd": "11710",
        "sggNm": "송파구",
        "umdNm": "마천동",
        "jimok": "대",
        "jibun": "5*",
        "dealAmount": "2,000",
        "dealArea": "26",
        "dealingGbn": "직거래",
        "landUse": "개발제한구역",
        "shareDealingType": "지분",
        "cdealType": null,
        "cdealDay": null,
        "estateAgentSggNm": null,
        "dealYear": "2022",
        "dealMonth": "9",
        "dealDay": "19"
      },
      {
        "sggCd": "11710",
        "sggNm": "송파구",
        "umdNm": "풍납동",
        "jimok": "도로",
        "jibun": "1**",
        "dealAmount": "4,000",
        "dealArea": "83",
        "dealingGbn": "직거래",
        "landUse": "제2종일반주거지역",
        "shareDealingType": null,
        "cdealType": null,
        "cdealDay": null,
        "estateAgentSggNm": null,
        "dealYear": "2022",
        "dealMonth": "9",
        "dealDay": "19"
      },
      {
        "sggCd": "11710",
        "sggNm": "송파구",
        "umdNm": "거여동",
        "jimok": "대",
        "jibun": "1**",
        "dealAmount": "8,000",
        "dealArea": "3",
        "dealingGbn": "중개거래",
        "landUse": "제3종일반주거지역",
        "shareDealingType": null,
        "cdealType": null,
        "cdealDay": null,
        "estateAgentSggNm": "서울 강남구",
        "dealYear": "2022",
        "dealMonth": "9",
        "dealDay": "21"
      }
    ]
  },
  {
    "lawd_cd": "11710",
    "deal_ymd": "202210",
    "total_count": 3,
    "items": [
      {
        "sggCd": "11710",
        "sggNm": "송파구",
        "umdNm": "문정동",
        "jimok": "대",
        "jibun": "5*",
        "dealAmount": "279,500",
        "dealArea": "172.2",
        "dealingGbn": "중개거래",
        "landUse": "제2종일반주거지역",
        "shareDealingType": null,
        "cdealType": "O",
        "cdealDay": "23.04.10",
        "estateAgentSggNm": "경기 수원시 팔달구",
        "dealYear": "2022",
        "dealMonth": "10",
        "dealDay": "13"
      },
      {
        "sggCd": "11710",
        "sggNm": "송파구",
        "umdNm": "마천동",
        "jimok": "대",
        "jibun": "1**",
        "dealAmount": "7,907",
        "dealArea": "34",
        "dealingGbn": "직거래",
        "landUse": "제2종일반주거지역",
        "shareDealingType": "지분",
        "cdealType": null,
        "cdealDay": null,
        "estateAgentSggNm": null,
        "dealYear": "2022",
        "dealMonth": "10",
        "dealDay": "20"
      },
      {
        "sggCd": "11710",
        "sggNm": "송파구",
        "umdNm": "마천동",
        "jimok": "대",
        "jibun": "1**",
        "dealAmount": "2,093",
        "dealArea": "9",
        "dealingGbn": "직거래",
        "landUse": "제2종일반주거지역",
        "shareDealingType": "지분",
        "cdealType": null,
        "cdealDay": null,
        "estateAgentSggNm": null,
        "dealYear": "2022",
        "dealMonth": "10",
        "dealDay": "20"
      }
    ]
  },
  {
    "lawd_cd": "11710",
    "deal_ymd": "202211",
    "total_count": 2,
    "items": [
      {
        "sggCd": "11710",
        "sggNm": "송파구",
        "umdNm": "마천동",
        "jimok": "대",
        "jibun": "3**",
        "dealAmount": "37,500",
        "dealArea": "46.5",
        "dealingGbn": "직거래",
        "landUse": "제3종일반주거지역",
        "shareDealingType": "지분",
        "cdealType": null,
        "cdealDay": null,
        "estateAgentSggNm": null,
        "dealYear": "2022",
        "dealMonth": "11",
        "dealDay": "21"
      },
      {
        "sggCd": "11710",
        "sggNm": "송파구",
        "umdNm": "문정동",
        "jimok": "대",
        "jibun": "1**",
        "dealAmount": "56,600",
        "dealArea": "9.7",
        "dealingGbn": "중개거래",
        "landUse": "제2종일반주거지역",
        "shareDealingType": null,
        "cdealType": null,
        "cdealDay": null,
        "estateAgentSggNm": "서울 송파구",
        "dealYear": "2022",
        "dealMonth": "11",
        "dealDay": "10"
      }
    ]
  },
  {
    "lawd_cd": "11710",
    "deal_ymd": "202212",
    "total_count": 6,
    "items": [
      {
        "sggCd": "11710",
        "sggNm": "송파구",
        "umdNm": "가락동",
        "jimok": "대",
        "jibun": "1*",
        "dealAmount": "2,368",
        "dealArea": "3.92",
        "dealingGbn": "직거래",
        "landUse": "제2종일반주거지역",
        "shareDealingType": "지분",
        "cdealType": null,
        "cdealDay": null,
        "estateAgentSggNm": null,
        "dealYear": "2022",
        "dealMonth": "12",
        "dealDay": "27"
      },
      {
        "sggCd": "11710",
        "sggNm": "송파구",
        "umdNm": "가락동",
        "jimok": "대",
        "jibun": "1*",
        "dealAmount": "2,168",
        "dealArea": "3.59",
        "dealingGbn": "직거래",
        "landUse": "제2종일반주거지역",
        "shareDealingType": "지분",
        "cdealType": null,
        "cdealDay": null,
        "estateAgentSggNm": null,
        "dealYear": "2022",
        "dealMonth": "12",
        "dealDay": "27"
      },
      {
        "sggCd": "11710",
        "sggNm": "송파구",
        "umdNm": "가락동",
        "jimok": "대",
        "jibun": "1*",
        "dealAmount": "3,715",
        "dealArea": "6.15",
        "dealingGbn": "직거래",
        "landUse": "제2종일반주거지역",
        "shareDealingType": "지분",
        "cdealType": null,
        "cdealDay": null,
        "estateAgentSggNm": null,
        "dealYear": "2022",
        "dealMonth": "12",
        "dealDay": "27"
      },
      {
        "sggCd": "11710",
        "sggNm": "송파구",
        "umdNm": "가락동",
        "jimok": "대",
        "jibun": "1*",
        "dealAmount": "2,368",
        "dealArea": "3.92",
        "dealingGbn": "직거래",
        "landUse": "제2종일반주거지역",
        "shareDealingType": "지분",
        "cdealType": "O",
        "cdealDay": "22.12.26",
        "estateAgentSggNm": null,
        "dealYear": "2022",
        "dealMonth": "12",
        "dealDay": "9"
      },
      {
        "sggCd": "11710",
        "sggNm": "송파구",
        "umdNm": "가락동",
        "jimok": "대",
        "jibun": "1*",
        "dealAmount": "2,168",
        "dealArea": "3.59",
        "dealingGbn": "직거래",
        "landUse": "제2종일반주거지역",
        "shareDealingType": "지분",
        "cdealType": "O",
        "cdealDay": "22.12.26",
        "estateAgentSggNm": null,
        "dealYear": "2022",
        "dealMonth": "12",
        "dealDay": "9"
      },
      {
        "sggCd": "11710",
        "sggNm": "송파구",
        "umdNm": "가락동",
        "jimok": "대",
        "jibun": "1*",
        "dealAmount": "3,715",
        "dealArea": "6.15",
        "dealingGbn": "직거래",
        "landUse": "제2종일반주거지역",
        "shareDealingType": "지분",
        "cdealType": "O",
        "cdealDay": "22.12.26",
        "estateAgentSggNm": null,
        "dealYear": "2022",
        "dealMonth": "12",
        "dealDay": "9"
      }
    ]
  }
]